"","siteid","sitename","LandUnitDetail","latitudedd","longitudedd","ElevationMeters","PrimaryType","SecondaryType","surveyid","surveydate","surveyors","surveyprotocol","ExtentOfData","seapscore_id","HAB_quality","FHI_herbivory","FHI_recreation","AC_culturalSignificance","FHI_flowRegulation","AQ_persistence","FHI_humanImpactRiskScore","meanConditionScore"
"1",271,"Big Spring","Kaibab NF, North Kaibab RD",36.60225,-112.3489,2150,"hanging garden","anthropogenic",1290097292,"7/12/2005","LE Stevens and RJ Johnson","Stevens et al. Level 2",9,100,5,5,5,6,3,4,3.875,4.15208
"2",585,"Oak Spring","Kaibab NF, North Kaibab RD",36.67734,-112.33707,2054,"hillslope",NA,1340128114,"6/16/2012","Larry Stevens, Jeri Ledbetter, Glenn Rink, Anya Fayfer, Kyle Paffett, and Kumi Isobe","Stevens et al. Level 2",9,391,2,5,5,6,3,3,2.125,3.13333
"3",1270,"Campbell Road Spring","Coconino NF, Mogollon Rim RD",34.7475,-111.49703,2094,"hillslope","rheocrene",1355414884,"6/19/2012","Kyle Paffett and Jen Williams","Stevens et al. Level 2",6,540,4,5,4,6,5,4,2.25,3.52083
"4",19233,"Dragonfly Medicine Springs","Tonto NF, Payson RD",34.42438,-111.57314,1318,"rheocrene",NA,1368656100,"5/13/2013","Larry Stevens, Jeri Ledbetter, Tori Stempniewicz, Chris Coder, and Frank Sanchez","Stevens et al. Level 2",8,816,5,6,3,6,6,4,2,4.63333
"5",331,"Crystal Spring","Kaibab NF, North Kaibab RD",36.38914,-112.09597,2682,"helocrene",NA,1291677445,"8/9/2010","Barb Phillips, Glenn Rink, Jack Pennington, Ann Litke, Don Witter, and Kimberly Hanson","Stevens/NPS 2000",8,110,9,5,4,6,1,3,3,3.775
"6",476,"Rock Spring Upper Bowl","Kaibab NF, North Kaibab RD",36.68374,-112.5719,1345,"hanging garden",NA,1262650726,"11/2/2009","Larry Stevens","Stevens et al. Level 2",7,121,5,5,5,6,6,3,2.125,4.0625
"7",368,"Watts Spring","Kaibab NF, North Kaibab RD",36.37939,-112.27579,2442,"hillslope",NA,-1761027419,"7/29/2010","C. Albano, G. Rink, B. Phillips, and K. Willard","Stevens/NPS 2000",8,187,2,5,5,6,2,3,2.875,3.41667
"8",604,"Table Rock Spring","Kaibab NF, North Kaibab RD",36.71172,-112.46383,1613,"hanging garden",NA,1305733932,"5/16/2011","L.E. Stevens, Jeri Ledbetter, Melissa Schaar, Glenn Rink, and Megan Souter","Stevens et al. Level 2",9,207,3,3,5,6,2,4,3.25,3.47083
"9",603,"Pigeon Spring","Kaibab NF, North Kaibab RD",36.72411,-112.5094,1506,"hanging garden",NA,1906284758,"5/18/2011","L.E. Stevens, Jeri Ledbetter, Doug Miller, M. Schaar, and Glenn Rink","Stevens et al. Level 2",9,212,4,3,5,6,3,4,3.875,3.7625
"10",826,"Phragmites Unnamed Spring","Kaibab NF, North Kaibab RD",36.63205,-112.58805,1396,"hypocrene",NA,1306175483,"5/17/2011","Larry Stevens, Glenn Rink, and Megan Souter","Stevens et al. Level 2",6,215,5,5,5,6,6,3,2,3.97917
"11",464,"Slide Spring","Kaibab NF, North Kaibab RD",36.65794,-112.56237,1490,"rheocrene",NA,-1643174473,"5/19/2011","Glenn Rink, Jeri Ledbetter, Melissa Schaar, and Doug Miller","Stevens et al. Level 2",9,216,5,5,4,6,3,5,2.25,4.30625
"12",582,"Lower McDermit Spring","Kaibab NF, Williams RD",35.25786,-111.91766,2165,"helocrene","anthropogenic",865369475,"8/30/2011","Larry Stevens and Jeri Ledbetter","Stevens et al. Level 2",9,229,2,4,5,5,1,1,3.625,2.16042
"13",752,"Isham Spring","Kaibab NF, Williams RD",35.19982,-112.04007,2072,"helocrene",NA,-1592898711,"8/29/2011","Larry Stevens and Jeri Ledbetter","Stevens et al. Level 2",8,231,1,3,5,5,0,0,2.875,1.85625
"14",322,"Bear Lake","Kaibab NF, North Kaibab RD",36.37138,-112.14729,2775,"limnocrene",NA,1292614369,"8/1/2010","T McCall, G Rink, C Albano, and K Willard","Stevens/NPS 2000",9,248,5,4,4,6,6,5,2.5,4.31875
"15",367,"Warm Springs","Kaibab NF, North Kaibab RD",36.69452,-112.31196,2109,"cave",NA,-594581327,"6/28/2011","Larry Stevens, Dave Kreamer, Frank Romiglia, Phoebe Stevens, and Andrea Hazelton","Stevens et al. Level 2",9,260,3,5,5,6,2,4,3.125,3.15
"16",630,"Tilton Springs","Kaibab NF, North Kaibab RD",36.65883,-112.34017,2099,"rheocrene","hillslope",344223006,"6/27/2011","Larry Stevens, Dave Kreamer, Beep Jenkens, Andrea Hazelton, and Phoebe Stevens","Stevens et al. Level 2",8,261,4,5,6,6,2,3,2.875,4.09375
"17",586,"Oquer Spring","Kaibab NF, North Kaibab RD",36.52583,-112.24269,2550,"hillslope",NA,-1575642358,"6/28/2011","Glenn Rink, Lisa Schaller, Beep Jenkins, and Frank Romiglia","Stevens/NPS 2000",10,284,2,4,4,6,2,3,2.42857,3.65
"18",323,"Bee Spring","Kaibab NF, North Kaibab RD",36.45068,-112.31821,2388,"hillslope",NA,571,"6/30/2000","RJ Johnson, Nathan Zorich, and Zeke Lauck","Stevens/NPS 2000",8,293,1,4,1,6,1,3,2.875,1.88542
"19",729,"Mud Springs","Kaibab NF, Williams RD",35.11495,-112.1868,2115,"helocrene","anthropogenic",-2045375229,"5/10/2012","Larry Stevens, Jeri Ledbetter, Anya Fayfer, and Marguerite Hendrie","Stevens et al. Level 2",10,345,4,4,5,6,3,2,3.125,3.07917
"20",588,"Rosilda Spring","Kaibab NF, Williams RD",35.17467,-112.06092,2051,"helocrene","anthropogenic",1337612448,"5/12/2012","Larry Stevens, Jeri Ledbetter, Marguerite Hendrie, Anya Fayfer, and Vera Markgraf","Stevens et al. Level 2",9,347,4,5,5,6,2,3,2.875,3.50208
"21",739,"Big Spring","Kaibab NF, Williams RD",35.15812,-112.08072,2088,"hillslope",NA,-1863225394,"5/12/2012","Jeri Ledbetter, Marguerite Hendrie, Anya Fayfer, and Vera Markgraf","Stevens et al. Level 2",10,349,4,3,5,6,4,9,2.625,3.8625
"22",330,"Crane Lake","Kaibab NF, North Kaibab RD",36.52992,-112.14908,2605,"limnocrene",NA,630,"6/21/2001","L.E. Stevens, M. Erhart, Lindsey from USU, E. North, and R.J. Johnson","Stevens/NPS 2000",9,379,5,3,4,6,6,1,2.25,4.31667
"23",19150,"Cane Aqueduct Spring","Kaibab NF, North Kaibab RD",36.58284,-112.04753,1891,"cave","anthropogenic",1354802492,"7/15/2005","L.E. Stevens, R.J. Johnson, Shondeen Griswold","Stevens et al. Level 2",9,531,2,4,4,6,2,4,2.75,3.6875
"24",72,"Foster Spring","Coconino NF, Mogollon Rim RD",34.77362,-111.50602,2127,"hillslope",NA,1174033049,"9/5/2013","Larry Stevens, Jeri Ledbetter, Chris Canavan, Maryann McGraw, Shelly Barnes, David Jackson, Nita Tallent, Gibbey Simion","Stevens et al. Level 2",4,1020,3,2,5,6,5,5,2.9,3.9
"25",460,"Rock Spring Lower","Kaibab NF, North Kaibab RD",36.6837,-112.57248,1328,"hanging garden","hillslope",1260040414,"11/2/2009","Larry Stevens","Stevens et al. Level 2",10,69,5,4,5,6,4,3,2.75,4.1125
"26",459,"Mountain Sheep Spring","Kaibab NF, North Kaibab RD",36.52305,-112.56798,1130,"gushet","limnocrene",1307402050,"10/30/2009","Larry Stevens","Stevens et al. Level 2",10,70,6,5,5,6,5,4,2.375,4.87083
"27",414,"Barbershop Springs","Coconino NF, Mogollon Rim RD",34.43833,-111.1943,2292,"hillslope",NA,1252177048,"8/22/2009","Larry Stevens, Jeri Ledbetter, Valerie Hallam, Julaire Scott","Stevens et al. Level 2",9,85,4,2,3,6,4,4,2.9,4
"28",708,"Tater Canyon Springs","Kaibab NF, North Kaibab RD",36.49475,-112.06881,2260,"hillslope","anthropogenic",1292278918,"7/15/2005","LE Stevens, RJ Johnson, and S Griswald","Stevens et al. Level 2",9,128,1,4,6,6,1,3,2.625,2.93889
"29",446,"Veit Spring","Coconino NF, Peaks RD",35.30671,-111.71294,2620,"hillslope","cave",1003707383,"8/14/2009","Larry Stevens and Julaire Scott","Stevens et al. Level 2",9,132,3,3,3,6,3,3,3.875,3.70972
"30",271,"Big Spring","Kaibab NF, North Kaibab RD",36.60225,-112.3489,2150,"hanging garden","anthropogenic",520,"7/2/2000","RJ Johnson,Nathan Zorich, Zeke Lauck","Stevens/NPS 2000",5,191,4,5,4,6,3,4,3.85714,4.1875
"31",271,"Big Spring","Kaibab NF, North Kaibab RD",36.60225,-112.3489,2150,"hanging garden","anthropogenic",632,"6/22/2001","L. Stevens, K Burke, RJ Johnson, M. Erhart, R. Andress, et al","Stevens/NPS 2000",5,206,5,5,5,6,3,4,3.85714,4.11042
"32",379,"Burro Spring","Kaibab NF, North Kaibab RD",36.81586,-112.0928,1887,"hanging garden",NA,1612828796,"6/28/2011","Jeri Ledbetter, Glenn Rink, Lisa Schaller, Beep Jenkins, and Frank Romiglia","Stevens et al. Level 2",10,290,4,5,5,6,4,NA,2.5,4.65
"33",413,"FS 139C Spring Pond","Coconino NF, Mogollon Rim RD",34.44196,-111.19214,2333,"limnocrene",NA,707996084,"8/23/2009","Larry Stevens, Jeri Ledbetter, Valerie Hallam","Stevens et al. Level 2",10,62,1,3,3,6,1,3,3.5,2.59537
"34",280,"Dog Lake","Kaibab NF, North Kaibab RD",36.42209,-112.08968,2682,"limnocrene",NA,529,"6/28/2000","RJ Johnson, Larry Stevens,Margaret Erhart, Nathan Zorich, and Paul Lauck","Stevens/NPS 2000",9,127,2,3,3,6,1,3,2.875,3.04398
"35",723,"Tater Canyon Springs upper","Kaibab NF, North Kaibab RD",36.49594,-112.07043,2345,"hanging garden",NA,1303401107,"7/15/2005","L.E. Stevens and R.J. Johnson","Stevens et al. Level 2",7,186,3,6,6,6,2,4,2.125,4.24722
"36",330,"Crane Lake","Kaibab NF, North Kaibab RD",36.52992,-112.14908,2605,"limnocrene",NA,1293734428,"7/13/2005","LE Stevens, RJ Johnson, SG, Kelly Burke, and EA","Stevens et al. Level 2",10,258,4,3,4,6,6,2,2.375,3.86389
"37",741,"Buck Spring","Kaibab NF, Williams RD",35.18881,-112.04959,2077,"helocrene",NA,2002867233,"5/12/2012","Larry Stevens, Jeri Ledbetter, Marguerite Hendrie, Anya Fayfer, and Vera Markgraf","Stevens et al. Level 2",9,348,2,2,5,6,2,2,3.75,2.7375
"38",1041,"Mint Upper West Unnamed","Coconino NF, Mormon Lake RD",34.86418,-111.41315,2338,"hillslope",NA,1577872354,"6/11/2012","Kyle Paffett, Tom Bean, and Susan Bean","Stevens et al. Level 2",2,583,0,6,5,6,4,0,2.85714,0.6625
"39",1008,"Kendrick Spring","Coconino NF, Peaks RD",35.44391,-111.83994,2319,"rheocrene",NA,-1080294725,"6/10/2012","Kyle Paffett and Quintin Van Dyke","Stevens et al. Level 2",3,584,0,6,5,6,0,0,3.42857,0.73125
"40",774,"Beale Spring","Kaibab NF, Williams RD",35.36239,-111.91183,2255,"helocrene","rheocrene",547388640,"6/6/2012","Kyle Paffett, Tom Bean, and Susan Bean","Stevens et al. Level 2",2,585,0,6,5,6,6,0,2.42857,0.75
"41",899,"Bear Seep Tank","Coconino NF, Mormon Lake RD",34.94475,-111.53757,2276,"hillslope","limnocrene",-1930544404,"6/22/2012","Kyle Paffett, Vera Markgraf, and Jen Williams","Stevens et al. Level 2",6,589,4,2,3,6,1,4,2.71429,3.85
"42",1077,"Roundup Park Spring","Coconino NF, Mogollon Rim RD",34.82363,-111.48742,2249,"hillslope","helocrene",-305110147,"6/21/2012","Kyle Paffett, Vera Markgraf, and Quintin Van Dyke","Stevens et al. Level 2",3,590,1,4,5,6,4,0,3.14286,1.55
"43",1075,"Rock Top Spring","Coconino NF, Mormon Lake RD",34.85246,-111.548,2130,"hillslope","helocrene",893635322,"6/21/2012","Kyle Paffett, Vera Markgraf, and Quintin Van Dyke","Stevens et al. Level 2",5,591,4,4,4,6,6,4,2.14286,3.71875
"44",945,"Curley Seep","Coconino NF, Peaks RD",35.44218,-111.76352,2318,"hillslope","rheocrene",117165380,"6/10/2012","Kyle Paffett and Quintin Van Dyke","Stevens et al. Level 2",3,598,2,2,4,6,5,4,2.85714,1.99792
"45",743,"Lost Spring","Kaibab NF, Williams RD",35.47141,-111.88183,2198,"hillslope","helocrene",1907240181,"6/10/2012","Kyle Paffett and Quintin Van Dyke","Stevens et al. Level 2",2,599,0,5,5,6,0,0,2.71429,1.075
"46",1039,"Mint Lower West","Coconino NF, Mormon Lake RD",34.86501,-111.41275,2329,"hillslope",NA,-1404959470,"6/11/2012","Kyle Paffett, Tom Bean, and Susan Bean","Stevens et al. Level 2",5,600,4,4,5,6,6,4,2,3.14583
"47",742,"Triangle Spring","Kaibab NF, Williams RD",35.17196,-111.95661,2059,"helocrene",NA,44634155,"6/4/2012","Kyle Paffett, Vera Markgraf, and Jen Williams","Stevens et al. Level 2",3,601,1,6,6,6,1,0,2.7,1.8
"48",980,"Gooseberry Springs","Coconino NF, Mogollon Rim RD",34.815,-111.40207,2399,"helocrene",NA,176976185,"6/12/2012","Kyle Paffett and Vera Markgraf","Stevens et al. Level 2",5,758,2,5,4,6,2,4,2.14286,3.20625
"49",729,"Mud Springs","Kaibab NF, Williams RD",35.11495,-112.1868,2115,"helocrene","anthropogenic",1984790031,"6/9/2012","Kyle Paffett and Susan Eisenberg","Stevens et al. Level 2",5,760,2,5,4,6,1,4,2.14286,2.8875
"50",998,"Hoxworth Springs South","Coconino NF, Mormon Lake RD",35.03894,-111.57649,2144,"rheocrene",NA,-899944747,"8/12/2012","Kyle Paffett, Vera Markgraf, and Quintin Van Dyke","Stevens et al. Level 2",5,762,5,4,5,6,6,4,2.28571,4.16458
"51",1004,"Jones Springs","Coconino NF, Mogollon Rim RD",34.76321,-111.49854,2153,"hillslope","helocrene",1996249458,"6/19/2012","Kyle Paffett and Jen Williams","Stevens et al. Level 2",6,763,5,4,5,6,5,4,2.42857,4.26458
"52",1076,"Rocky Spring","Coconino NF, Mogollon Rim RD",34.40636,-111.1524,2347,"rheocrene",NA,1161307403,"8/11/2012","Kyle Paffett and Gerald Higa","Stevens et al. Level 2",4,764,2,2,5,6,6,2,2.28571,3
"53",949,"Deer Seep Tank","Coconino NF, Mogollon Rim RD",34.82549,-111.37971,2277,"limnocrene",NA,-404331280,"6/12/2012","Kyle Paffett and Vera Markgraf","Stevens et al. Level 2",5,765,5,4,4,6,2,4,2.28571,3.65208
"54",1113,"T-Six Spring","Coconino NF, Mormon Lake RD",34.90741,-111.59618,2092,"helocrene","hillslope",1311727153,"6/22/2012","Kyle Paffett, Jen Williams, and Vera Markgraf","Stevens et al. Level 2",4,766,4,4,4,6,4,4,2.85714,4.1
"55",1036,"Middle Kehl Meadow Spring","Coconino NF, Mogollon Rim RD",34.44493,-111.31868,2311,"helocrene","rheocrene",-1540123490,"8/9/2012","Kyle Paffett and Vera Markgraf","Stevens et al. Level 2",6,767,5,4,3,6,6,4,2.71429,4.22083
"56",956,"Dove Spring","Coconino NF, Mogollon Rim RD",34.87316,-111.37323,2229,"hillslope","helocrene",-971566137,"6/11/2012","Kyle Paffett, Tom Bean, and Susan Bean","Stevens et al. Level 2",5,768,3,5,4,6,5,3,3,3.3125
"57",1055,"Paterson Spring","Coconino NF, Peaks RD",35.15664,-111.80714,2222,"hillslope",NA,-594328580,"8/4/2012","Kyle Paffett, Vera Markgraf, and Quintin Van Dyke","Stevens et al. Level 2",2,769,1,4,5,6,4,0,2.71429,1.72083
"58",1025,"Middle Leonard Canyon Spring #2","Coconino NF, Mogollon Rim RD",34.399,-111.14624,2403,"anthropogenic","limnocrene",1422015114,"8/11/2012","Kyle Paffett and Vera Markgraf","Stevens et al. Level 2",5,770,2,2,4,6,3,3,3,2.975
"59",426,"Bone Dry Springs","Coconino NF, Mogollon Rim RD",34.48296,-111.28056,2195,"hillslope","hypocrene",-683915709,"8/10/2012","Kyle Paffett, Vera Markgraf, Abe Springer, and Gerald Higa","Stevens et al. Level 2",3,771,2,4,5,6,6,0,2.57143,2.43125
"60",989,"Homestead Spring","Coconino NF, Mogollon Rim RD",34.47081,-111.28548,2212,"hillslope","rheocrene",2121829320,"8/10/2012","Kyle Paffett, Abe Springer, Vera Markgraf, and Gerald Higa","Stevens et al. Level 2",3,772,3,4,5,6,5,1,2.14286,3.34583
"61",549,"Drier Spring","Coconino NF, Mogollon Rim RD",34.48347,-111.2743,2206,"rheocrene","hillslope",-1832500695,"8/10/2012","Kyle Paffett, Vera Markgraf, Abe Springer, and Gerald Higa","Stevens et al. Level 2",3,773,1,6,4,6,6,0,2.57143,1.1
"62",1082,"Schneider Spring","Coconino NF, Mogollon Rim RD",34.48633,-111.13026,2231,"hillslope",NA,1770682166,"8/11/2012","Kyle Paffett Vera Markgraf, and Gerald Higa","Stevens et al. Level 2",3,774,2,4,5,6,4,1,2.71429,2.56458
"63",596,"Patton Spring","Coconino NF, Mogollon Rim RD",34.44723,-111.36541,2293,"rheocrene","helocrene",871463039,"8/9/2012","Kyle Paffett and Gerald Higa","Stevens et al. Level 2",3,775,1,1,6,6,6,0,2.28571,1.9125
"64",1032,"McFarland Spring","Coconino NF, Mogollon Rim RD",34.47702,-111.19601,2235,"hillslope","rheocrene",-126597036,"8/8/2012","Kyle Paffett and Vera Markgraf","Stevens et al. Level 2",5,776,5,4,5,6,6,4,2,4.26875
"65",993,"Houston Draw Spring","Coconino NF, Mogollon Rim RD",34.46801,-111.19666,2264,"hillslope","helocrene",-1771295035,"8/8/2012","Kyle Paffett, Vera Markgraf, and Gerald Higa","Stevens et al. Level 2",5,777,5,4,5,6,6,4,2,4.21875
"66",713,"Wildcat Spring","Coconino NF, Mogollon Rim RD",34.46065,-111.4067,2192,"hillslope",NA,1366648089,"8/7/2012","Kyle Paffett and Gerald Higa","Stevens et al. Level 2",2,780,0,6,5,6,1,0,2.28571,0.7
"67",1100,"Sycamore Canyon middle north Unnamed","Coconino NF, Red Rock RD",34.46318,-111.71458,1132,"rheocrene",NA,-1307372305,"8/6/2012","Kyle Paffett and Gerald Higa","Stevens et al. Level 2",5,782,3,6,1,6,6,3,2.71429,3.54375
"68",775,"Kaufman Spring","Kaibab NF, Williams RD",35.30588,-111.98786,2229,"hillslope",NA,1186733522,"6/2/2012","Kyle Paffett, Vera Markgraf","Stevens et al. Level 2",3,785,1,3,4,6,6,0,2,1.95625
"69",770,"Spitz Spring Lower","Kaibab NF, Williams RD",35.26033,-111.9751,2136,"helocrene","anthropogenic",1281092075,"6/2/2012","Kyle Paffett and Vera Markgraf","Stevens et al. Level 2",5,786,4,3,4,6,3,5,2.14286,3.33542
"70",771,"Spitz Spring upper","Kaibab NF, Williams RD",35.26135,-111.97436,2130,"anthropogenic",NA,605110352,"6/2/2012","Kyle Paffett and Vera Markgraf","Stevens et al. Level 2",5,787,4,3,4,6,3,5,2.14286,3.33542
"71",330,"Crane Lake","Kaibab NF, North Kaibab RD",36.52992,-112.14908,2605,"limnocrene",NA,550526073,"6/16/2012","Kyle Paffett","Stevens et al. Level 2",6,802,4,3,4,6,6,2,2.71429,3.6
"72",1064,"Quail Spring","Coconino NF, Red Rock RD",34.37299,-111.69111,1196,"hillslope",NA,1287150415,"11/18/2012","Kyle Paffett and Kyle Chardi","Stevens et al. Level 2",4,805,1,4,6,6,0,1,2,1.58333
"73",1022,"Lockwood Spring","Coconino NF, Peaks RD",35.04672,-111.86354,2103,"hillslope","anthropogenic",-1489959196,"8/4/2012","Kyle Paffett, Vera Markgraf, and Quintin Van Dyke","Stevens et al. Level 2",5,806,2,4,4,6,2,3,2.28571,2.79792
"74",1033,"Meadow Spring","Coconino NF, Mogollon Rim RD",34.42899,-111.15686,2247,"helocrene","hillslope",1371834343,"6/19/2013","Kyle Paffett, Spencer Harris, and Tom Runyon","Stevens et al. Level 2",6,828,3,2,4,6,4,4,2.71429,3.1375
"75",1006,"Kelly Seep","Coconino NF, Mormon Lake RD",35.06089,-111.68892,2024,"helocrene",NA,1372265002,"6/17/2013","Kyle Paffett and Spencer Harris","Stevens et al. Level 2",6,831,3,3,5,6,5,2,3.14286,2.975
"76",1137,"Winter Cabin Spring","Coconino NF, Red Rock RD",34.68481,-111.76958,1104,"rheocrene",NA,-564726680,"6/17/2013","Kyle Paffett and Spencer Harris","Stevens et al. Level 2",2,832,1,6,4,6,4,1,2.28571,2.13958
"77",906,"Billy Back Spring","Coconino NF, Mormon Lake RD",35.01722,-111.34902,2158,"hillslope","rheocrene",1188980297,"6/14/2013","Kyle Paffett, Krista Sparks, and Spencer Harris","Stevens et al. Level 2",6,833,2,3,4,6,6,1,2.14286,2.95208
"78",1140,"Yellow Jacket Spring Elliott Canyon","Coconino NF, Mormon Lake RD",35.02525,-111.36373,2153,"hillslope",NA,1372279618,"6/14/2013","Kyle Paffett, Krista Sparks, and Spencer Harris","Stevens et al. Level 2",7,834,2,4,4,6,3,1,2.42857,2.9125
"79",892,"Ashurst Spring","Coconino NF, Mormon Lake RD",35.02513,-111.38097,2149,"hillslope",NA,1372694922,"6/14/2013","Kyle Paffett, Krista Sparks, and Spencer Harris","Stevens et al. Level 2",7,838,3,2,5,6,4,4,2.42857,3.29375
"80",976,"Free Spring","Coconino NF, Mormon Lake RD",34.86942,-111.5004,2209,"helocrene",NA,-856583480,"6/13/2013","Kyle Paffett, Krista Sparks, and Spencer Harris","Stevens et al. Level 2",5,840,1,3,4,6,2,3,2.57143,2.2625
"81",1044,"Mud Spring Mormon Mountain","Coconino NF, Mormon Lake RD",34.95943,-111.54402,2330,"limnocrene",NA,-631866071,"6/13/2013","Kyle Paffett, Krista Sparks, and Spencer Harris","Stevens et al. Level 2",5,841,1,2,4,6,2,1,3.14286,2.30833
"82",1067,"Railroad Spring","Coconino NF, Mormon Lake RD",34.87473,-111.45102,2202,"hillslope",NA,1390859830,"6/12/2013","Kyle Paffett, Krista Sparks, Spencer Harris, and Vera Markgraf","Stevens et al. Level 2",6,842,3,4,5,6,2,4,2.85714,3.20417
"83",1122,"Wallace Spring","Coconino NF, Mormon Lake RD",34.92473,-111.49152,2229,"helocrene",NA,1372701556,"6/28/2013","Kyle Paffett, Krista Sparks, Spencer Harris, and Vera Markgraf","Stevens et al. Level 2",4,845,0,6,6,6,0,3,2.42857,1.78542
"84",1023,"Lockwood Spring","Coconino NF, Mormon Lake RD",34.97443,-111.49292,2264,"hillslope",NA,1887015781,"6/28/2013","Kyle Paffett, Krista Sparks, Spencer Harris, and Vera Markgraf","Stevens et al. Level 2",2,846,0,3,5,6,1,0,2.85714,1.29792
"85",749,"Holloway Spring","Kaibab NF, Williams RD",35.11202,-112.08806,2100,"helocrene",NA,-1609849150,"6/27/2013","Kyle Paffett, Krista Sparks, Spencer Harris, and Vera Markgraf","Stevens et al. Level 2",6,848,2,2,5,6,1,4,2.42857,2.8625
"86",1002,"Jack Smith Spring","Coconino NF, Peaks RD",35.34522,-111.64766,2929,"helocrene",NA,-675034504,"6/6/2013","Kyle Paffett, Krista Sparks, and Spencer Harris","Stevens et al. Level 2",2,849,0,6,3,6,0,0,4,0.35
"87",1347,"Dry Lake Hills Pond","Coconino NF, Peaks RD",35.26775,-111.63409,2499,"limnocrene",NA,-547580570,"6/7/2013","Kyle Paffett, Krista Sparks, and Spencer Harris","Stevens et al. Level 2",4,851,3,4,3,6,2,1,2.85714,2.75625
"88",766,"Many Snakes Spring","Kaibab NF, Williams RD",35.10909,-112.23399,1990,"limnocrene","rheocrene",1372705627,"6/27/2013","Kyle Paffett, Krista Sparks, Spencer Harris, and Vera Markgraf","Stevens et al. Level 2",4,852,2,5,5,6,6,3,2,3.64375
"89",804,"Orion Spring","Coconino NF, Peaks RD",35.29016,-111.63722,2498,"hillslope","rheocrene",1291839215,"6/7/2013","Kyle Paffett, Krista Sparks, and Spencer Harris","Stevens et al. Level 2",2,853,0,4,4,6,1,0,3.57143,1.00833
"90",889,"Alto Spring","Coconino NF, Peaks RD",35.37753,-111.62062,2436,"hillslope",NA,-1019850236,"6/10/2013","Kyle Paffett and Spencer Harris","Stevens et al. Level 2",2,855,1,5,4,6,3,0,2.71429,1.63333
"91",1105,"Taylor Spring","Coconino NF, Mogollon Rim RD",34.4635,-111.17946,2270,"hillslope","rheocrene",-136317695,"6/26/2013","Kyle Paffett, Spencer Harris, Tom Bean, Krista Sparks and Vera Markgraf (veg. survey 7/11/13)","Stevens et al. Level 2",8,856,2,4,4,6,4,4,2.71429,3.2375
"92",1003,"Jack Smith Spring Number Two","Coconino NF, Peaks RD",35.35751,-111.59963,2389,"rheocrene",NA,-1959001419,"6/10/2013","Kyle Paffett and Spencer Harris","Stevens et al. Level 2",4,857,2,6,4,6,6,2,2.14286,2.03542
"93",966,"Fleishman Spring","Coconino NF, Mogollon Rim RD",34.47323,-111.17977,2234,"hillslope","hanging garden",-1011026130,"6/26/2013","Kyle Paffett, Spencer Harris, Tom Bean, Krista Sparks, and Vera Markgraf (Vegetation survey 7/11/2013)","Stevens et al. Level 2",6,858,4,4,4,6,6,4,2.42857,3.5375
"94",1014,"Leopard Frog Spring","Coconino NF, Mogollon Rim RD",34.45205,-111.15308,2273,"hillslope",NA,608820203,"6/4/2013","Kyle Paffett, Krista Sparks, and Spencer Harris","Stevens et al. Level 2",6,860,4,4,4,6,5,4,2.85714,3.59167
"95",1116,"Twin Tanks","Coconino NF, Mogollon Rim RD",34.43588,-111.17643,2347,"hillslope",NA,-2013827055,"6/11/2013","Kyle Paffett, Krista Sparks, Spencer Harris, and Vera Markgraf","Stevens et al. Level 2",7,862,2,4,4,6,4,1,2.57143,3.06042
"96",939,"Cornlily Spring","Coconino NF, Mogollon Rim RD",34.43843,-111.17411,2330,"hillslope","rheocrene",-1536296706,"6/11/2013","Kyle Paffett, Krista Sparks, Spencer Harris, and Vera Markgraf","Stevens et al. Level 2",7,864,2,3,4,6,4,1,2.42857,3.13125
"97",955,"Double Springs (East)","Coconino NF, Mormon Lake RD",34.94106,-111.49433,2206,"hillslope",NA,-389710051,"6/25/2013","Kyle Paffett, Krista Sparks, and Spencer Harris","Stevens et al. Level 2",6,865,3,5,3,6,4,4,2.85714,2.9125
"98",887,"Allan Lake East","Coconino NF, Mormon Lake RD",34.8327,-111.43991,2274,"helocrene","limnocrene",2122905767,"6/12/2013","Kyle Paffett, Krista Sparks, Spencer Harris, and Vera Markgraf","Stevens et al. Level 2",6,866,3,5,3,6,2,4,2.71429,3.35625
"99",1121,"Van Deren Spring","Coconino NF, Mormon Lake RD",34.83563,-111.44602,2282,"helocrene",NA,1949941596,"6/12/2013","Kyle Paffett, Krista Sparks, Spencer Harris, and Vera Markgraf","Stevens et al. Level 2",5,867,2,4,4,6,1,3,3.14286,3.08125
"100",954,"Double Springs (West)","Coconino NF, Mormon Lake RD",34.94125,-111.49434,2190,"hillslope",NA,1361798682,"6/25/2013","Kyle Paffett, Krista Sparks, and Spencer Harris","Stevens et al. Level 2",5,868,2,5,3,6,4,4,2.85714,2.6375
"101",946,"Dairy Spring","Coconino NF, Mormon Lake RD",34.95378,-111.48179,2166,"hillslope","anthropogenic",-958640493,"6/25/2013","Kyle Paffett, Krista Sparks, and Spencer Harris","Stevens et al. Level 2",6,869,3,4,4,6,2,4,3,3.06458
"102",964,"Fisher Point Unnamed","Coconino NF, Peaks RD",35.16261,-111.58643,2124,NA,NA,1372872154,"6/24/2013","Kyle Paffett, Krista Sparks, and Spencer Harris","Stevens et al. Level 2",1,871,1,6,3,6,1,0,2.85714,1.04792
"103",962,"End of Trail","Coconino NF, Mormon Lake RD",35.13293,-111.4573,2039,"rheocrene",NA,-645226600,"6/20/2013","Kyle Paffett and Spencer Harris","Stevens et al. Level 2",2,873,0,4,5,6,1,0,2.71429,0.99792
"104",902,"Big Clearing","Coconino NF, Mormon Lake RD",35.12075,-111.4172,1977,"rheocrene",NA,-1228890695,"6/20/2013","Kyle Paffett and Spencer Harris","Stevens et al. Level 2",2,874,1,4,5,6,1,0,2.85714,1.02917
"105",884,"58 Tank","Coconino NF, Mogollon Rim RD",34.73161,-111.35477,2175,"rheocrene",NA,1373907975,"7/10/2013","Krista Sparks, Kyle Paffett, Spencer Harris, and Vera Markgraf","Stevens et al. Level 2",4,875,1,6,5,6,1,1,2.14286,1.69167
"106",963,"Fain Spring","Coconino NF, Mormon Lake RD",34.81879,-111.52392,2159,"helocrene",NA,1374079523,"6/21/2012","Kyle Paffett, Vera Markgraf, and Quintin Van Dyke","Stevens et al. Level 2",6,878,4,6,5,6,4,4,2.28571,3.95417
"107",576,"Black Bear Spring","Coconino NF, Mogollon Rim RD",34.44736,-111.16426,2278,"hillslope","helocrene",-655558104,"6/19/2013","Kyle Paffett, Krista Sparks, Spencer Harris, Vera Markgraf, and Tom Runyon","Stevens et al. Level 2",7,879,5,3,6,6,4,4,2,3.78958
"108",891,"Ashurst Run Unnamed","Coconino NF, Mormon Lake RD",34.94183,-111.4219,2210,"limnocrene",NA,1376943028,"7/23/2013","Kyle Paffett, Krista Sparks, Spencer Harris, and Vera Markgraf","Stevens et al. Level 2",6,893,2,3,3,6,1,4,3.71429,2.73542
"109",1060,"Phroney Spring","Coconino NF, Red Rock RD",34.44083,-111.69431,1243,"rheocrene",NA,1376950578,"7/18/2013","Kyle Paffett, Krista Sparks, Spencer Harris, and Vera Markgraf","Stevens et al. Level 2",3,895,1,4,5,6,2,0,2.57143,2.23542
"110",1344,"Little 44 Spring","Coconino NF, Mogollon Rim RD",34.48421,-111.3715,2179,"hillslope",NA,1377540356,"7/22/2013","Kyle Paffett, Spencer Harris, and Vera Markgraf","Stevens et al. Level 2",5,896,3,3,3,6,6,4,2.57143,3.14792
"111",690,"Bear Spring lower","Kaibab NF, North Kaibab RD",36.3694,-112.175,2658,"helocrene",NA,1378748943,"8/6/2013","Krista Sparks, Spencer Harris, and Kyle Paffett","Stevens et al. Level 2",7,919,2,3,4,6,5,4,2.57143,3.42292
"112",691,"South Big Spring Tank","Kaibab NF, North Kaibab RD",36.35354,-112.18317,2607,"limnocrene","anthropogenic",1205943972,"8/6/2013","Krista Sparks, Kyle Paffett, and Spencer Harris","Stevens et al. Level 2",4,921,1,2,4,6,1,4,2.71429,2.42917
"113",894,"Babes Hole Spring","Coconino NF, Peaks RD",35.0727,-111.93971,1807,"rheocrene",NA,-661032693,"8/8/2013","Krista Sparks and Spencer Harris","Stevens et al. Level 2",5,925,5,4,4,6,3,4,2.14286,3.79375
"114",1007,"Kelsey Spring","Coconino NF, Peaks RD",35.07562,-111.93514,1936,"rheocrene","helocrene",977846512,"8/8/2013","Krista Sparks and Spencer Harris","Stevens et al. Level 2",5,926,3,4,4,6,2,4,2.14286,3.56667
"115",979,"Geronimo Spring","Coconino NF, Peaks RD",35.07751,-111.94701,1628,"hillslope","rheocrene",673286705,"8/8/2013","Krista Sparks and Spencer Harris","Stevens et al. Level 2",5,927,4,4,4,6,4,4,2,3.84375
"116",583,"Mangum 4 Springs","Kaibab NF, North Kaibab RD",36.62289,-112.34109,2183,"gushet",NA,-1429977267,"8/4/2013","Krista Sparks, Kyle Paffett, and Spencer Harris","Stevens et al. Level 2",5,931,5,4,6,6,4,4,2.42857,3.91458
"117",271,"Big Spring","Kaibab NF, North Kaibab RD",36.60225,-112.3489,2150,"hanging garden","anthropogenic",1381341749,"8/30/2013","Glenn Rink, Jeri Ledbetter, Larry Stevens, and Marguerite Hendrie","Stevens et al. Level 2",9,970,5,2,5,6,3,4,2.875,4.30769
"118",787,"Lower Jumpup Spring below","Kaibab NF, North Kaibab RD",36.53059,-112.58656,1195,"limnocrene","rheocrene",1065999650,"10/5/2013","Krista Sparks, Spencer Harris, Graham Schindel, and Vaden Aldridge","Stevens et al. Level 2",4,973,4,5,5,6,6,4,2.14286,3.09375
"119",794,"Kwagunt Hollow Zen Spring","Kaibab NF, North Kaibab RD",36.50922,-112.575,1128,"hanging garden","rheocrene",644377339,"10/4/2013","Krista Sparks, Spencer Harris, Graham Schindel, Vaden Aldridge","Stevens et al. Level 2",4,974,6,5,5,6,6,4,2,4.41875
"120",798,"Cottonwood Cienega","Kaibab NF, North Kaibab RD",36.52286,-112.53591,1346,"helocrene","rheocrene",-1847405151,"10/5/2013","Krista Sparks, Spencer Harris, Graham Schindel, Vaden Aldridge","Stevens et al. Level 2",4,976,6,5,5,6,6,4,2.14286,4.59167
"121",455,"Jumpup Lower Spring","Kaibab NF, North Kaibab RD",36.53189,-112.58763,1212,"rheocrene",NA,1947087694,"10/5/2013","Krista Sparks, Spencer Harris, Graham Schindel, Vaden Aldridge","Stevens et al. Level 2",4,977,4,5,5,6,6,4,2.14286,3.86875
"122",665,"Cottonwood Spring Lower Spring","Kaibab NF, North Kaibab RD",36.521,-112.53052,1403,"rheocrene",NA,-166258505,"10/5/2013","Krista Sparks, Spencer Harris, Graham Schindel, Vaden Aldridge","Stevens et al. Level 2",4,978,6,5,5,6,6,4,2.14286,4.50833
"123",818,"Lower Forgotten Canyon Spring","Kaibab NF, North Kaibab RD",36.49048,-112.57429,1187,"hanging garden","rheocrene",-586956244,"10/4/2013","Krista Sparks, Spencer Harris, Graham Schindel, and Vaden Aldridge","Stevens et al. Level 2",4,979,6,5,5,6,6,4,2.14286,4.19583
"124",1099,"Sycamore Canyon fork Unnamed","Coconino NF, Red Rock RD",34.45863,-111.71901,1095,"rheocrene",NA,-1277110375,"9/6/2013","Krista Sparks and Graham Schindel","Stevens et al. Level 2",5,984,5,5,4,6,6,4,2.14286,3.63958
"125",1103,"Sycamore Spring Hackberry Mountain","Coconino NF, Red Rock RD",34.48283,-111.69512,1243,"hillslope",NA,1232690150,"9/6/2013","Krista Sparks and Graham Schindel","Stevens et al. Level 2",3,985,2,5,5,6,6,0,2,2.1625
"126",1298,"Pine Flat Spring","Coconino NF, Red Rock RD",35.0111,-111.73723,1695,"rheocrene","hillslope",-728335563,"7/19/2013","Krista Sparks, Spencer Harris, and Quintin Van Dyk","Stevens et al. Level 2",6,988,3,4,2,6,2,4,3.57143,3.12292
"127",896,"Banfield Spring","Coconino NF, Mogollon Rim RD",34.65101,-111.45337,2070,"helocrene",NA,981141611,"7/10/2013","Kyle Paffett, Krista Sparks, Spencer Harris, and Vera Markgraf","Stevens et al. Level 2",6,990,4,3,6,6,2,4,2.85714,3.4
"128",933,"Clark Well","Coconino NF, Mormon Lake RD",35.06712,-111.57964,2108,"helocrene","anthropogenic",351313104,"7/17/2013","Krista Sparks and Spencer Harris","Stevens et al. Level 2",4,991,1,4,4,6,1,3,3,2.72917
"129",967,"Fortyfour Spring","Coconino NF, Mogollon Rim RD",34.48503,-111.37181,2163,"rheocrene",NA,-13733743,"7/22/2013","Kyle Paffett, Spencer Harris, and Vera Markgraf","Stevens et al. Level 2",5,992,2,4,2,6,3,4,3.28571,3.24583
"130",147,"Summer Spring","Coconino NF, Red Rock RD",34.88062,-112.06635,1099,"hillslope",NA,-1551102082,"7/26/2013","Kyle Paffett, Krista Sparks, and Vera Markgraf","Stevens et al. Level 2",5,993,5,5,3,6,6,4,2.42857,3.78125
"131",162,"Clover Spring West","Coconino NF, Mogollon Rim RD",34.50596,-111.36258,2089,"hillslope","anthropogenic",2131356967,"7/22/2013","Kyle Paffett, Spencer Harris, and Vera Markgraf","Stevens et al. Level 2",4,994,3,3,4,6,2,4,3.42857,2.87708
"132",1083,"Scott Spring","Coconino NF, Mormon Lake RD",35.02612,-111.72134,2014,"hillslope",NA,110082524,"7/19/2013","Krista Sparks, Spencer Harris, and Quintin Van Dyk","Stevens et al. Level 2",2,995,1,5,5,6,2,0,2.57143,1.35625
"133",1042,"Mortgage Spring","Coconino NF, Mormon Lake RD",35.03722,-111.70964,1961,"rheocrene",NA,135537677,"6/24/2013","Kyle Paffett, Krista Sparks, and Spencer Harris","Stevens et al. Level 2",2,1003,1,4,4,6,5,0,2.71429,1.95625
"134",1135,"Wingfield Corral","Coconino NF, Mogollon Rim RD",34.68438,-111.3547,2073,"hillslope","helocrene",-1580774925,"6/20/2012","Kyle Paffett and Tom Bean","Stevens et al. Level 2",3,592,1,5,5,6,2,0,3.28571,1.03571
"135",429,"Hi Fuller Spring","Coconino NF, Mogollon Rim RD",34.47114,-111.26112,2216,"helocrene",NA,1373916431,"7/12/2013","Krista Sparks, Kyle Paffett, Vera Markgraf, and Abe Springer","Stevens et al. Level 2",7,877,5,4,4,6,2,4,2.71429,3.96042
"136",1171,"Devils Head Spring","Coconino NF, Peaks RD",35.24713,-111.62849,2251,"cave",NA,518130838,"6/7/2013","Kyle Paffett, Krista Sparks, and Spencer Harris","Stevens et al. Level 2",5,880,2,6,3,6,6,1,2.14286,3.6125
"137",1136,"Winter Cabin Spring","Coconino NF, Peaks RD",35.03272,-111.93503,1908,"hillslope",NA,-796581945,"8/12/2013","Krista Sparks, Spencer Harris","Stevens et al. Level 2",6,929,3,4,3,6,3,4,3,3.5625
"138",914,"Buckhorn Ranch Unnamed","Coconino NF, Mogollon Rim RD",34.58827,-111.52102,1752,"hillslope",NA,-203609042,"7/31/2013","Krista Sparks and Spencer Harris","Stevens et al. Level 2",3,948,1,6,6,6,1,0,2.57143,1.76875
"139",907,"Black Spring","Coconino NF, Peaks RD",35.13262,-111.68938,2132,"hillslope",NA,358958674,"7/17/2013","Krista Sparks and Spencer Harris","Stevens et al. Level 2",6,989,3,6,5,6,2,4,3.85714,2.70625
"140",423,"Dora Springs","Coconino NF, Mogollon Rim RD",34.42997,-111.15329,2313,"hillslope",NA,1259645978,"11/10/2009","Larry Stevens, FALA students","Stevens et al. Level 2",10,86,3,1,4,6,3,3,3,3.16065
"141",673,"Lookout Lakes","Kaibab NF, North Kaibab RD",36.46513,-112.18661,2668,"limnocrene",NA,-534504279,"6/25/2011","Larry Stevens, Glenn Rink, Jeri Ledbetter, Frank Romaglia, Lisa Schaller, Victoria Hermosillo, and Andrea Hazelton","Stevens et al. Level 2",10,227,4,3,3,6,6,NA,2.5,4.41458
"142",762,"Dry Park Lake","Kaibab NF, North Kaibab RD",36.41951,-112.23351,2553,"limnocrene",NA,-96399923,"6/28/2011","Jeri Ledbetter, Dave Kreamer, and Victoria Hermosilla","Stevens et al. Level 2",10,291,3,2,5,6,5,NA,2.75,3.68125
"143",373,"Castle Spring","Kaibab NF, North Kaibab RD",36.58623,-112.34149,2195,"hillslope","hanging garden",1339688063,"6/13/2012","Larry Stevens, Glenn Rink, Jeri Ledbetter, Ariel Leonard, Kyle Paffett, Anya Fayfer, and Kumi Isobe","Stevens et al. Level 2",10,384,3,2,3,6,2,5,3.875,2.93958
"144",717,"Aconitum unnamed springs","Kaibab NF, North Kaibab RD",36.39966,-112.08085,2359,"hillslope",NA,1340219602,"6/17/2012","Larry Stevens, Jeri Ledbetter, Glenn Rink, Kyle Paffett, Anya Fayfer, and Kumi Isobe.","Stevens et al. Level 2",9,396,6,6,5,6,6,4,2,4.85
"145",1000,"Iowa Camp Spring","Coconino NF, Mormon Lake RD",34.89512,-111.42522,2256,"hillslope",NA,1366647561,"8/8/2012","Kyle Paffett, Vera Markgraf, and Gerald Higa","Stevens et al. Level 2",3,779,1,6,2,6,1,0,3.14286,1.275
"146",965,"Flagstaff Spring","Coconino NF, Peaks RD",35.33984,-111.66813,3224,"rheocrene",NA,-1279539782,"6/6/2013","Kyle Paffett, Krista Sparks, and Spencer Harris","Stevens et al. Level 2",4,844,0,6,4,6,0,9,2.71429,2.24375
"147",1069,"Raspberry Spring","Coconino NF, Peaks RD",35.34135,-111.64864,2966,"rheocrene",NA,-1742283341,"6/6/2013","Kyle Paffett, Krista Sparks, and Spencer Harris","Stevens et al. Level 2",3,847,0,6,3,6,0,9,3.28571,2.24375
"148",1144,"Little Spring","Coconino NF, Peaks RD",35.37441,-111.72573,2539,"helocrene","anthropogenic",-1355459782,"9/24/2013","Larry Stevens and Jeri Ledbetter","Stevens et al. Level 1",3,1017,3,3,3,6,3,3,3.375,3.43333
"149",768,"Mineral Spring","Kaibab NF, Williams RD",35.25188,-111.9994,2124,"helocrene",NA,2146221028,"5/27/2014","Prescott College Springs Ecology Class 2014: Glenn Rink, Jeri Ledbetter, and Larry Stevens","Stevens et al. Level 2",10,1223,2,1,3,3,1,3,3,3.1
"150",430,"General Springs","Coconino NF, Mogollon Rim RD",34.45948,-111.24992,2192,"helocrene","rheocrene",1259639552,"9/21/2009","Jeri Ledbetter, Eric North, RJ Johnson, and Denise Hudson","Stevens et al. Level 2",10,65,3,3,3,6,4,3,2.875,3.2588
"151",796,"Upper Sowats Seep","Kaibab NF, North Kaibab RD",36.52293,-112.57188,1107,"hanging garden",NA,335507350,"5/22/2009","K Watters, C Albano, and B Kluwin","Stevens/NPS 2000",7,137,6,6,5,6,6,3,2,5.06111
"152",660,"Unnamed Spring 8","Kaibab NF, North Kaibab RD",36.54585,-112.51803,1410,"hanging garden",NA,-868991875,"5/19/2009","D. Burger, C Albano, and K. Watters","Stevens/NPS 2000",8,141,6,6,5,6,6,3,2,4.92222
"153",421,"Upper Buck Spring High","Coconino NF, Mogollon Rim RD",34.42189,-111.14828,2348,"hillslope",NA,1259994597,"9/12/2009","Jeri Ledbetter, Eric North, Valerie Hallam, Christina Davis, Julaire Scott","Stevens et al. Level 2",10,71,2,3,4,6,4,NA,2.75,2.97917
"154",427,"Hidden Spring","Coconino NF, Mogollon Rim RD",34.43917,-111.18326,2309,"hillslope","rheocrene",-910058349,"10/10/2009","Larry Stevens, Jeri Ledbetter, Phoebe Stevens, Rosemary, FALA students","Stevens et al. Level 2",10,79,4,3,5,6,5,NA,2,4.02917
"155",898,"Bear Paw Spring","Coconino NF, Peaks RD",35.34215,-111.65969,3038,NA,NA,-1559757009,"9/27/2013","Larry Stevens","Stevens et al. Level 1",2,1072,1,5,5,6,1,0,3.5,1.5875
"156",1019,"Little Elden Spring","Coconino NF, Peaks RD",35.27691,-111.57934,2190,"hillslope","limnocrene",2146244287,"5/19/2016","SSI Staff and Workshop Participants","Stevens et al. Level 1",8,1450,4,5,4,6,4,4,2.4,4.2
"157",425,"Moonshine Spring","Coconino NF, Mogollon Rim RD",34.47765,-111.14077,2206,"helocrene",NA,1260756476,"9/19/2009","Jeri Ledbetter, Eric North, RJ Johnson, Karissa Ramstead, Valerie Hallam, Denise Hudson","Stevens et al. Level 2",8,72,3,3,3,6,5,0,2,3.16415
"158",392,"Dane Spring","Coconino NF, Mogollon Rim RD",34.4671,-111.14948,2178,"hillslope","anthropogenic",1247294598,"7/7/2009","Jeri Ledbetter, Aryn LaBrake, and Virginia Igoe","Stevens et al. Level 2",8,74,3,3,3,6,2,NA,3,3.22407
"159",424,"Morningcloak Springs","Coconino NF, Mogollon Rim RD",34.43431,-111.16117,2314,"hillslope",NA,-1954228068,"9/20/2009","Jeri Ledbetter, Eric North, RJ Johnson, Denise Hudson","Stevens et al. Level 2",10,76,5,3,5,6,5,NA,2,3.88981
"160",437,"Coyote Spring","Coconino NF, Mogollon Rim RD",34.44445,-111.15651,2283,"helocrene","hillslope",1258690002,"9/19/2009","Jeri Ledbetter, Eric North, RJ Johnson, Valerie Hallam, Denise Hudson, and Karissa Davis","Stevens et al. Level 2",9,77,4,3,3,6,3,NA,2.5,3.86759
"161",439,"Royal Bull Springs","Coconino NF, Mogollon Rim RD",34.43286,-111.16082,2312,"hillslope",NA,1261928167,"9/20/2009","Jeri Ledbetter, Eric North, RJ Johnson, Denise Hudson","Stevens et al. Level 2",10,75,4,3,5,6,5,NA,2.14286,4.00053
"162",432,"Lockwood Spring","Coconino NF, Mogollon Rim RD",34.54811,-111.1417,2098,"exposure",NA,1262010058,"9/18/2009","Jeri Ledbetter, Eric North, RJ Johnson, Valerie Hallam, Denise Hudson, Julaire Scott, Karissa Davis","Stevens et al. Level 2",9,78,5,5,5,6,6,NA,2,4.59021
"163",428,"McClintock Spring","Coconino NF, Mogollon Rim RD",34.49003,-111.1532,2207,"hypocrene",NA,1262057998,"9/20/2009","Jeri Ledbetter, RJ Johnson, Eric North and Denise Hudson","Stevens et al. Level 2",10,80,3,3,3,6,3,NA,2.875,3.0037
"164",312,"Quaking Aspen Spring","Kaibab NF, North Kaibab RD",36.37823,-112.28261,2398,"hillslope",NA,1298504657,"7/28/2010","G. Rink, Albano, Phillips, and Willard","Stevens/NPS 2000",8,157,4,3,4,6,5,3,2.71429,3.7422
"165",351,"Parissawampitts Spring","Kaibab NF, North Kaibab RD",36.41313,-112.31666,2366,"rheocrene","helocrene",903914113,"7/30/2010","C. Albano, G. Rink, K. Willard, and J. Spence","Stevens/NPS 2000",8,247,2,1,3,6,2,3,3.28571,2.82077
"166",885,"63 Tank","Coconino NF, Mogollon Rim RD",34.68032,-111.29347,2135,"limnocrene",NA,1404517222,"8/7/2012","Kyle Paffett and Gerald Higa","Stevens et al. Level 2",4,781,3,4,6,6,1,3,2.14286,3.5
"167",422,"Upper Buck Spring","Coconino NF, Mogollon Rim RD",34.42603,-111.14771,2313,"hillslope",NA,1259902296,"9/13/2009","Jeri Ledbetter, Eric North, Valerie Hallam, Christina Davis","Stevens et al. Level 2",10,67,2,3,3,6,2,9,2.28571,3.04722
"168",393,"West Moonshine Spring","Coconino NF, Mogollon Rim RD",34.48278,-111.14449,2239,"hillslope","rheocrene",-1689402876,"9/19/2009","RJ Johnson, Eric North, Jeri Ledbetter, Valerie Hallam, Denise Hudson, Karissa Ramstead","Stevens et al. Level 2",9,81,4,5,4,6,5,1,2.28571,3.5619
"169",783,"McDermit Spring","Kaibab NF, Williams RD",35.26869,-111.91345,2200,"helocrene",NA,-1952595448,"8/30/2011","Larry Stevens and Jeri Ledbetter","Stevens et al. Level 2",10,230,4,3,5,6,1,3,3.875,2.70625
"170",419,"Poverty Spring","Coconino NF, Mogollon Rim RD",34.48605,-111.3301,2189,"hillslope",NA,-1802687155,"9/11/2009","Jeri Ledbetter, Eric North, Valerie Hallum, Christina Davis, Julaire Scott","Stevens et al. Level 2",9,73,1,3,2,6,1,NA,2.71429,1.8713
"171",331,"Crystal Spring","Kaibab NF, North Kaibab RD",36.38914,-112.09597,2682,"helocrene",NA,579,"6/27/2000","RJ Johnson, Larry Stevens, Margaret Erhart, and Nathan Zorich","Stevens/NPS 2000",8,120,2,3,4,6,3,4,3.25,3.735
"172",368,"Watts Spring","Kaibab NF, North Kaibab RD",36.37939,-112.27579,2442,"hillslope",NA,616,"6/29/2000","RJ Johnson, Larry Stevens, Margaret Erhart, and Nathan Zorich","Stevens/NPS 2000",10,129,3,4,5,6,2,3,3.125,2.92167
"173",367,"Warm Springs","Kaibab NF, North Kaibab RD",36.69452,-112.31196,2109,"cave",NA,615,"7/3/2000","RJ Johnson, Nathan Zorich, and Zeke Lauck","Stevens/NPS 2000",8,300,2,4,5,6,1,3,3.375,2.73
