"","siteid","sitename","LandUnitDetail","latitudedd","longitudedd","ElevationMeters","PrimaryType","SecondaryType","surveyid","surveydate","surveyors","surveyprotocol","ExtentOfData","seapscore_id","AQ_persistence","FHI_humanImpactRiskScore","meanConditionScore"
"1",271,"Big Spring","Kaibab NF, North Kaibab RD",36.60225,-112.3489,2150,"hanging garden","anthropogenic",1290097292,"7/12/2005","LE Stevens and RJ Johnson","Stevens et al. Level 2",9,100,4,3.875,4.15208
"2",675,"Trailview unnamed seep","Kaibab NF, North Kaibab RD",36.40996,-112.08801,2538,"hanging garden",NA,1339954972,"6/17/2012","Larry Stevens, Glenn Rink, Kyle Paffett, and Jeri Ledbetter","Stevens et al. Level 2",7,388,6,0.875,4.54167
"3",585,"Oak Spring","Kaibab NF, North Kaibab RD",36.67734,-112.33707,2054,"hillslope",NA,1340128114,"6/16/2012","Larry Stevens, Jeri Ledbetter, Glenn Rink, Anya Fayfer, Kyle Paffett, and Kumi Isobe","Stevens et al. Level 2",9,391,3,2.125,3.13333
"4",309,"Sowats Veronica unnamed","Kaibab NF, North Kaibab RD",36.52485,-112.45552,1840,"hillslope",NA,1340217528,"6/14/2012","Larry Stevens, Jeri Ledbetter, Glenn Rink, Anya Fayfer, Dan Tayler, Kumi Isobe, Ariel Leonard, and Kyle Paffett","Stevens et al. Level 2",9,395,4,1.75,4.66875
"5",1270,"Campbell Road Spring","Coconino NF, Mogollon Rim RD",34.7475,-111.49703,2094,"hillslope","rheocrene",1355414884,"6/19/2012","Kyle Paffett and Jen Williams","Stevens et al. Level 2",6,540,4,2.25,3.52083
"6",911,"Brandon Spring","Coconino NF, Mogollon Rim RD",34.82391,-111.42551,2302,"limnocrene","hypocrene",304702101,"6/12/2012","Kyle Paffett and Vera Markgraf","Stevens et al. Level 2",4,541,4,1.75,3.8125
"7",19233,"Dragonfly Medicine Springs","Tonto NF, Payson RD",34.42438,-111.57314,1318,"rheocrene",NA,1368656100,"5/13/2013","Larry Stevens, Jeri Ledbetter, Tori Stempniewicz, Chris Coder, and Frank Sanchez","Stevens et al. Level 2",8,816,4,2,4.63333
"8",15028,"Page Cave Springs","Arizona Game & Fish Department",34.76178,-111.88928,1073,"cave","anthropogenic",1368721385,"5/15/2013","Larry Stevens, Jeri Ledbetter, Chris Coder, and workshop participants","Stevens et al. Level 2",7,817,6,4.25,3.51667
"9",331,"Crystal Spring","Kaibab NF, North Kaibab RD",36.38914,-112.09597,2682,"helocrene",NA,1291677445,"8/9/2010","Barb Phillips, Glenn Rink, Jack Pennington, Ann Litke, Don Witter, and Kimberly Hanson","Stevens/NPS 2000",8,110,3,3,3.775
"10",476,"Rock Spring Upper Bowl","Kaibab NF, North Kaibab RD",36.68374,-112.5719,1345,"hanging garden",NA,1262650726,"11/2/2009","Larry Stevens","Stevens et al. Level 2",7,121,3,2.125,4.0625
"11",368,"Watts Spring","Kaibab NF, North Kaibab RD",36.37939,-112.27579,2442,"hillslope",NA,-1761027419,"7/29/2010","C. Albano, G. Rink, B. Phillips, and K. Willard","Stevens/NPS 2000",8,187,3,2.875,3.41667
"12",604,"Table Rock Spring","Kaibab NF, North Kaibab RD",36.71172,-112.46383,1613,"hanging garden",NA,1305733932,"5/16/2011","L.E. Stevens, Jeri Ledbetter, Melissa Schaar, Glenn Rink, and Megan Souter","Stevens et al. Level 2",9,207,4,3.25,3.47083
"13",605,"Wildband Spring","Kaibab NF, North Kaibab RD",36.71689,-112.51032,1545,"hillslope","hanging garden",1305841225,"5/18/2011","L.E. Stevens, Glenn Rink, Melissa Schaar, Doug Miller, and Jeri Ledbetter","Stevens et al. Level 2",9,208,4,1.625,4.65417
"14",703,"Little Spring","Kaibab NF, North Kaibab RD",36.62953,-112.58575,1455,"rheocrene",NA,42589885,"5/17/2011","L.E. Stevens, Jeri Ledbetter, Melissa Schaar, Glenn Rink, and Megan Souter","Stevens et al. Level 2",9,209,4,1.625,4.59375
"15",704,"Boulder Spring","Kaibab NF, North Kaibab RD",36.63126,-112.58782,1390,"rheocrene",NA,244970810,"5/17/2011","L.E. Stevens, Jeri Ledbetter, Melissa Schaar, Glenn Rink, and Megan Souter","Stevens/GDE hybrid",9,210,5,1.25,4.28333
"16",705,"Little Willow Unnamed Seep","Kaibab NF, North Kaibab RD",36.63229,-112.58718,1415,"rheocrene",NA,-1881000141,"5/17/2011","L.E. Stevens, Jeri Ledbetter, and Melissa Schaar","Stevens et al. Level 2",8,211,3,1.25,4.57292
"17",603,"Pigeon Spring","Kaibab NF, North Kaibab RD",36.72411,-112.5094,1506,"hanging garden",NA,1906284758,"5/18/2011","L.E. Stevens, Jeri Ledbetter, Doug Miller, M. Schaar, and Glenn Rink","Stevens et al. Level 2",9,212,4,3.875,3.7625
"18",778,"Solidago Spring","Kaibab NF, North Kaibab RD",36.54127,-112.47433,1765,"hanging garden",NA,1306171535,"5/20/2011","L.E. Stevens, Glenn Rink, and Melissa Schaar","Stevens et al. Level 2",9,213,3,1.5,4.79792
"19",820,"Pasque Spring","Kaibab NF, North Kaibab RD",36.54076,-112.4766,1765,"hanging garden",NA,-1388491996,"5/20/2011","L.E. Stevens, G. Rink, Melissa Schaar, J.D. Ledbetter, and Megan Souter","Stevens et al. Level 2",9,214,3,1.5,4.87917
"20",826,"Phragmites Unnamed Spring","Kaibab NF, North Kaibab RD",36.63205,-112.58805,1396,"hypocrene",NA,1306175483,"5/17/2011","Larry Stevens, Glenn Rink, and Megan Souter","Stevens et al. Level 2",6,215,3,2,3.97917
"21",464,"Slide Spring","Kaibab NF, North Kaibab RD",36.65794,-112.56237,1490,"rheocrene",NA,-1643174473,"5/19/2011","Glenn Rink, Jeri Ledbetter, Melissa Schaar, and Doug Miller","Stevens et al. Level 2",9,216,5,2.25,4.30625
"22",640,"Willow Spring","Kaibab NF, Williams RD",35.13389,-112.02822,1980,"rheocrene","limnocrene",1314901810,"8/29/2011","Larry Stevens and Jeri Ledbetter","Stevens et al. Level 2",7,222,5,1.625,4.17708
"23",632,"Nail Spring","Kaibab NF, North Kaibab RD",36.62522,-112.34576,2163,"hanging garden",NA,-1166825104,"6/27/2011","Glenn Rink, Jeri Ledbetter, Frank Romiglia, Lisa Schaller and Victoria Hermosillo","Stevens et al. Level 2",8,223,3,1.625,3.025
"24",582,"Lower McDermit Spring","Kaibab NF, Williams RD",35.25786,-111.91766,2165,"helocrene","anthropogenic",865369475,"8/30/2011","Larry Stevens and Jeri Ledbetter","Stevens et al. Level 2",9,229,1,3.625,2.16042
"25",752,"Isham Spring","Kaibab NF, Williams RD",35.19982,-112.04007,2072,"helocrene",NA,-1592898711,"8/29/2011","Larry Stevens and Jeri Ledbetter","Stevens et al. Level 2",8,231,0,2.875,1.85625
"26",833,"Stonefly Springs","Kaibab NF, North Kaibab RD",36.4085,-112.08466,2399,"rheocrene",NA,-141083453,"6/26/2011","Larry Stevens, Frank Romaglio, Lisa Schaller, and Victoria Hermosilla","Stevens et al. Level 2",9,241,4,1.125,4.87083
"27",322,"Bear Lake","Kaibab NF, North Kaibab RD",36.37138,-112.14729,2775,"limnocrene",NA,1292614369,"8/1/2010","T McCall, G Rink, C Albano, and K Willard","Stevens/NPS 2000",9,248,5,2.5,4.31875
"28",633,"Mangum Springs","Kaibab NF, North Kaibab RD",36.62319,-112.34262,2225,"gushet",NA,-959438265,"6/27/2011","Larry Stevens, David Kreamer, and Andrea Hazelton","Stevens et al. Level 2",8,259,4,1.875,3.64375
"29",367,"Warm Springs","Kaibab NF, North Kaibab RD",36.69452,-112.31196,2109,"cave",NA,-594581327,"6/28/2011","Larry Stevens, Dave Kreamer, Frank Romiglia, Phoebe Stevens, and Andrea Hazelton","Stevens et al. Level 2",9,260,4,3.125,3.15
"30",630,"Tilton Springs","Kaibab NF, North Kaibab RD",36.65883,-112.34017,2099,"rheocrene","hillslope",344223006,"6/27/2011","Larry Stevens, Dave Kreamer, Beep Jenkens, Andrea Hazelton, and Phoebe Stevens","Stevens et al. Level 2",8,261,3,2.875,4.09375
"31",586,"Oquer Spring","Kaibab NF, North Kaibab RD",36.52583,-112.24269,2550,"hillslope",NA,-1575642358,"6/28/2011","Glenn Rink, Lisa Schaller, Beep Jenkins, and Frank Romiglia","Stevens/NPS 2000",10,284,3,2.42857,3.65
"32",323,"Bee Spring","Kaibab NF, North Kaibab RD",36.45068,-112.31821,2388,"hillslope",NA,571,"6/30/2000","RJ Johnson, Nathan Zorich, and Zeke Lauck","Stevens/NPS 2000",8,293,3,2.875,1.88542
"33",765,"Hat Tank lower","Kaibab NF, Williams RD",35.09281,-112.17659,2036,"rheocrene",NA,1337439599,"5/8/2012","Larry Stevens, Jeri Ledbetter, and Anya Fayfer","Stevens et al. Level 2",10,339,3,1.625,3.96875
"34",764,"Hat Tank upper","Kaibab NF, Williams RD",35.0955,-112.1707,2065,"rheocrene","hillslope",-423183711,"5/8/2012","Larry Stevens, Jeri Ledbetter, and Anya Fayfer","Stevens et al. Level 2",9,342,3,1.875,4.01667
"35",579,"Bear Springs","Kaibab NF, Williams RD",35.08688,-112.18007,2016,"rheocrene",NA,1337463882,"5/10/2012","Larry Stevens, Jeri Ledbetter, Marguerite Hendrie, and Anya Fayfer","Stevens et al. Level 2",9,344,3,1.5,4.20417
"36",729,"Mud Springs","Kaibab NF, Williams RD",35.11495,-112.1868,2115,"helocrene","anthropogenic",-2045375229,"5/10/2012","Larry Stevens, Jeri Ledbetter, Anya Fayfer, and Marguerite Hendrie","Stevens et al. Level 2",10,345,2,3.125,3.07917
"37",588,"Rosilda Spring","Kaibab NF, Williams RD",35.17467,-112.06092,2051,"helocrene","anthropogenic",1337612448,"5/12/2012","Larry Stevens, Jeri Ledbetter, Marguerite Hendrie, Anya Fayfer, and Vera Markgraf","Stevens et al. Level 2",9,347,3,2.875,3.50208
"38",739,"Big Spring","Kaibab NF, Williams RD",35.15812,-112.08072,2088,"hillslope",NA,-1863225394,"5/12/2012","Jeri Ledbetter, Marguerite Hendrie, Anya Fayfer, and Vera Markgraf","Stevens et al. Level 2",10,349,9,2.625,3.8625
"39",330,"Crane Lake","Kaibab NF, North Kaibab RD",36.52992,-112.14908,2605,"limnocrene",NA,630,"6/21/2001","L.E. Stevens, M. Erhart, Lindsey from USU, E. North, and R.J. Johnson","Stevens/NPS 2000",9,379,1,2.25,4.31667
"40",9738,"Sowats middle unnamed","Kaibab NF, North Kaibab RD",36.52587,-112.45612,1850,"hillslope",NA,1899127942,"6/14/2012","Larry Stevens and Glenn Rink","Stevens et al. Level 2",8,394,4,1.375,4.88542
"41",19150,"Cane Aqueduct Spring","Kaibab NF, North Kaibab RD",36.58284,-112.04753,1891,"cave","anthropogenic",1354802492,"7/15/2005","L.E. Stevens, R.J. Johnson, Shondeen Griswold","Stevens et al. Level 2",9,531,4,2.75,3.6875
"42",72,"Foster Spring","Coconino NF, Mogollon Rim RD",34.77362,-111.50602,2127,"hillslope",NA,1174033049,"9/5/2013","Larry Stevens, Jeri Ledbetter, Chris Canavan, Maryann McGraw, Shelly Barnes, David Jackson, Nita Tallent, Gibbey Simion","Stevens et al. Level 2",4,1020,5,2.9,3.9
"43",348,"North Canyon Spring all","Kaibab NF, North Kaibab RD",36.3978,-112.08428,2508,"hillslope",NA,1385057239,"6/17/2012","Kyle Paffett and Larry Stevens","Stevens et al. Level 2",1,1066,4,1.5,5.07917
"44",460,"Rock Spring Lower","Kaibab NF, North Kaibab RD",36.6837,-112.57248,1328,"hanging garden","hillslope",1260040414,"11/2/2009","Larry Stevens","Stevens et al. Level 2",10,69,3,2.75,4.1125
"45",459,"Mountain Sheep Spring","Kaibab NF, North Kaibab RD",36.52305,-112.56798,1130,"gushet","limnocrene",1307402050,"10/30/2009","Larry Stevens","Stevens et al. Level 2",10,70,4,2.375,4.87083
"46",414,"Barbershop Springs","Coconino NF, Mogollon Rim RD",34.43833,-111.1943,2292,"hillslope",NA,1252177048,"8/22/2009","Larry Stevens, Jeri Ledbetter, Valerie Hallam, Julaire Scott","Stevens et al. Level 2",9,85,4,2.9,4
"47",453,"27 Mule Spring","Kaibab NF, North Kaibab RD",36.50289,-112.54557,1379,"rheocrene",NA,-636807441,"10/30/2009","Larry Stevens","Stevens et al. Level 2",8,124,2,1.57143,4.16875
"48",708,"Tater Canyon Springs","Kaibab NF, North Kaibab RD",36.49475,-112.06881,2260,"hillslope","anthropogenic",1292278918,"7/15/2005","LE Stevens, RJ Johnson, and S Griswald","Stevens et al. Level 2",9,128,3,2.625,2.93889
"49",446,"Veit Spring","Coconino NF, Peaks RD",35.30671,-111.71294,2620,"hillslope","cave",1003707383,"8/14/2009","Larry Stevens and Julaire Scott","Stevens et al. Level 2",9,132,3,3.875,3.70972
"50",271,"Big Spring","Kaibab NF, North Kaibab RD",36.60225,-112.3489,2150,"hanging garden","anthropogenic",520,"7/2/2000","RJ Johnson,Nathan Zorich, Zeke Lauck","Stevens/NPS 2000",5,191,4,3.85714,4.1875
"51",271,"Big Spring","Kaibab NF, North Kaibab RD",36.60225,-112.3489,2150,"hanging garden","anthropogenic",632,"6/22/2001","L. Stevens, K Burke, RJ Johnson, M. Erhart, R. Andress, et al","Stevens/NPS 2000",5,206,4,3.85714,4.11042
"52",763,"Acer Spring","Kaibab NF, North Kaibab RD",36.57656,-112.5495,1535,"hillslope",NA,1500746830,"5/21/2011","Glenn Rink, Jeri Ledbetter, Melissa Schaar, and Doug Miller","Stevens/GDE hybrid",10,219,9,1.28571,4.10625
"53",413,"FS 139C Spring Pond","Coconino NF, Mogollon Rim RD",34.44196,-111.19214,2333,"limnocrene",NA,707996084,"8/23/2009","Larry Stevens, Jeri Ledbetter, Valerie Hallam","Stevens et al. Level 2",10,62,3,3.5,2.59537
"54",282,"North Canyon Spring lower","Kaibab NF, North Kaibab RD",36.39812,-112.08389,2485,"hillslope",NA,531,"6/28/2000","RJ Johnson, Larry Stevens, Margaret Erhart, Paul Lauck, and Nathan Zorich","Stevens/NPS 2000",8,118,5,1,5.13426
"55",281,"North Canyon Spring upper","Kaibab NF, North Kaibab RD",36.39752,-112.08465,2513,"hillslope",NA,530,"6/28/2000","RJ Johnson, Larry Stevens, Margaret Erhart, Nathan Zorich, and Paul Lauck","Stevens/NPS 2000",9,119,5,1,4.97037
"56",283,"North Canyon Spring middle","Kaibab NF, North Kaibab RD",36.39754,-112.08419,2534,"hillslope",NA,532,"6/28/2000","RJ Johnson, Larry Stevens, Margaret Erhart, Nathan Zorich, and Paul Lauck","Stevens/NPS 2000",8,126,4,1.5,4.90741
"57",280,"Dog Lake","Kaibab NF, North Kaibab RD",36.42209,-112.08968,2682,"limnocrene",NA,529,"6/28/2000","RJ Johnson, Larry Stevens,Margaret Erhart, Nathan Zorich, and Paul Lauck","Stevens/NPS 2000",9,127,3,2.875,3.04398
"58",723,"Tater Canyon Springs upper","Kaibab NF, North Kaibab RD",36.49594,-112.07043,2345,"hanging garden",NA,1303401107,"7/15/2005","L.E. Stevens and R.J. Johnson","Stevens et al. Level 2",7,186,4,2.125,4.24722
"59",330,"Crane Lake","Kaibab NF, North Kaibab RD",36.52992,-112.14908,2605,"limnocrene",NA,1293734428,"7/13/2005","LE Stevens, RJ Johnson, SG, Kelly Burke, and EA","Stevens et al. Level 2",10,258,2,2.375,3.86389
"60",1359,"Wild Horse upper spring","Kaibab NF, Williams RD",35.09183,-112.16236,2050,"rheocrene",NA,1337360100,"5/11/2012","Larry Stevens, Jeri Ledbetter, and Anya Fayfer, and Marguerite Hendrie","Stevens et al. Level 2",9,340,2,1.875,4.32917
"61",779,"Wild Horse Spring","Kaibab NF, Williams RD",35.09095,-112.1645,2041,"rheocrene",NA,1337459888,"5/11/2012","Larry Stevens, Jeri Ledbetter, Anya Fayfer, and Marguerite Hendrie","Stevens et al. Level 2",9,343,2,1.57143,4.29792
"62",741,"Buck Spring","Kaibab NF, Williams RD",35.18881,-112.04959,2077,"helocrene",NA,2002867233,"5/12/2012","Larry Stevens, Jeri Ledbetter, Marguerite Hendrie, Anya Fayfer, and Vera Markgraf","Stevens et al. Level 2",9,348,2,3.75,2.7375
"63",1041,"Mint Upper West Unnamed","Coconino NF, Mormon Lake RD",34.86418,-111.41315,2338,"hillslope",NA,1577872354,"6/11/2012","Kyle Paffett, Tom Bean, and Susan Bean","Stevens et al. Level 2",2,583,0,2.85714,0.6625
"64",1008,"Kendrick Spring","Coconino NF, Peaks RD",35.44391,-111.83994,2319,"rheocrene",NA,-1080294725,"6/10/2012","Kyle Paffett and Quintin Van Dyke","Stevens et al. Level 2",3,584,0,3.42857,0.73125
"65",774,"Beale Spring","Kaibab NF, Williams RD",35.36239,-111.91183,2255,"helocrene","rheocrene",547388640,"6/6/2012","Kyle Paffett, Tom Bean, and Susan Bean","Stevens et al. Level 2",2,585,0,2.42857,0.75
"66",545,"Hunter Springs","Coconino NF, Mogollon Rim RD",34.57394,-111.18902,2189,"hillslope",NA,-999869599,"8/3/2012","Kyle Paffett and Vera Markgraf","Stevens et al. Level 2",3,586,0,1.71429,2.70833
"67",1001,"Jacks Canyon Unnamed","Coconino NF, Mogollon Rim RD",34.74824,-111.05954,1908,"hillslope","limnocrene",-242405874,"8/3/2012","Kyle Paffett and Vera Markgraf","Stevens et al. Level 2",5,587,3,1.71429,2.21429
"68",899,"Bear Seep Tank","Coconino NF, Mormon Lake RD",34.94475,-111.53757,2276,"hillslope","limnocrene",-1930544404,"6/22/2012","Kyle Paffett, Vera Markgraf, and Jen Williams","Stevens et al. Level 2",6,589,4,2.71429,3.85
"69",1077,"Roundup Park Spring","Coconino NF, Mogollon Rim RD",34.82363,-111.48742,2249,"hillslope","helocrene",-305110147,"6/21/2012","Kyle Paffett, Vera Markgraf, and Quintin Van Dyke","Stevens et al. Level 2",3,590,0,3.14286,1.55
"70",1075,"Rock Top Spring","Coconino NF, Mormon Lake RD",34.85246,-111.548,2130,"hillslope","helocrene",893635322,"6/21/2012","Kyle Paffett, Vera Markgraf, and Quintin Van Dyke","Stevens et al. Level 2",5,591,4,2.14286,3.71875
"71",1065,"Quinamptewa Spring","Coconino NF, Mogollon Rim RD",34.71461,-111.44237,2144,"helocrene","hillslope",2050511288,"6/20/2012","Kyle Paffett andTom Bean","Stevens et al. Level 2",5,593,2,1.85714,3.48333
"72",773,"West Elk Spring","Kaibab NF, Williams RD",35.37962,-111.98908,2182,"anthropogenic","hillslope",-1935567057,"6/6/2012","Kyle Paffett, Tom Bean, and Susan Bean","Stevens et al. Level 2",3,597,0,1.85714,2.35833
"73",945,"Curley Seep","Coconino NF, Peaks RD",35.44218,-111.76352,2318,"hillslope","rheocrene",117165380,"6/10/2012","Kyle Paffett and Quintin Van Dyke","Stevens et al. Level 2",3,598,4,2.85714,1.99792
"74",743,"Lost Spring","Kaibab NF, Williams RD",35.47141,-111.88183,2198,"hillslope","helocrene",1907240181,"6/10/2012","Kyle Paffett and Quintin Van Dyke","Stevens et al. Level 2",2,599,0,2.71429,1.075
"75",1039,"Mint Lower West","Coconino NF, Mormon Lake RD",34.86501,-111.41275,2329,"hillslope",NA,-1404959470,"6/11/2012","Kyle Paffett, Tom Bean, and Susan Bean","Stevens et al. Level 2",5,600,4,2,3.14583
"76",742,"Triangle Spring","Kaibab NF, Williams RD",35.17196,-111.95661,2059,"helocrene",NA,44634155,"6/4/2012","Kyle Paffett, Vera Markgraf, and Jen Williams","Stevens et al. Level 2",3,601,0,2.7,1.8
"77",746,"Dow Spring","Kaibab NF, Williams RD",35.15499,-111.98573,2058,"hillslope","rheocrene",-805406320,"6/4/2012","Kyle Paffett, Vera Markgraf, Jen Williams","Stevens et al. Level 2",5,602,5,1.71429,4.52917
"78",755,"Ross Spring","Kaibab NF, Williams RD",35.20441,-112.01934,2081,"helocrene","rheocrene",-990724527,"6/4/2012","Kyle Paffett, Vera Markgraf, and Jen Williams","Stevens et al. Level 2",3,603,0,1.42857,2.275
"79",748,"Garland Spring","Kaibab NF, Williams RD",35.18803,-111.99789,2052,"hillslope","helocrene",1961376318,"6/4/2012","Kyle Paffett, Vera Markgraf, and Jen Williams","Stevens et al. Level 2",3,604,0,1.57143,2.31875
"80",764,"Hat Tank upper","Kaibab NF, Williams RD",35.0955,-112.1707,2065,"rheocrene","hillslope",178647271,"6/3/2012","Kyle Paffett, Vera Markgraf","Stevens et al. Level 2",5,605,4,1.42857,4.03125
"81",980,"Gooseberry Springs","Coconino NF, Mogollon Rim RD",34.815,-111.40207,2399,"helocrene",NA,176976185,"6/12/2012","Kyle Paffett and Vera Markgraf","Stevens et al. Level 2",5,758,4,2.14286,3.20625
"82",782,"Sawmill Spring","Kaibab NF, Williams RD",35.28865,-111.95994,2219,"hillslope","anthropogenic",-106357498,"6/6/2012","Kyle Paffett, Tom Bean, and Susan Bean","Stevens et al. Level 2",4,759,4,1.42857,3.39375
"83",729,"Mud Springs","Kaibab NF, Williams RD",35.11495,-112.1868,2115,"helocrene","anthropogenic",1984790031,"6/9/2012","Kyle Paffett and Susan Eisenberg","Stevens et al. Level 2",5,760,4,2.14286,2.8875
"84",998,"Hoxworth Springs South","Coconino NF, Mormon Lake RD",35.03894,-111.57649,2144,"rheocrene",NA,-899944747,"8/12/2012","Kyle Paffett, Vera Markgraf, and Quintin Van Dyke","Stevens et al. Level 2",5,762,4,2.28571,4.16458
"85",1004,"Jones Springs","Coconino NF, Mogollon Rim RD",34.76321,-111.49854,2153,"hillslope","helocrene",1996249458,"6/19/2012","Kyle Paffett and Jen Williams","Stevens et al. Level 2",6,763,4,2.42857,4.26458
"86",1076,"Rocky Spring","Coconino NF, Mogollon Rim RD",34.40636,-111.1524,2347,"rheocrene",NA,1161307403,"8/11/2012","Kyle Paffett and Gerald Higa","Stevens et al. Level 2",4,764,2,2.28571,3
"87",949,"Deer Seep Tank","Coconino NF, Mogollon Rim RD",34.82549,-111.37971,2277,"limnocrene",NA,-404331280,"6/12/2012","Kyle Paffett and Vera Markgraf","Stevens et al. Level 2",5,765,4,2.28571,3.65208
"88",1113,"T-Six Spring","Coconino NF, Mormon Lake RD",34.90741,-111.59618,2092,"helocrene","hillslope",1311727153,"6/22/2012","Kyle Paffett, Jen Williams, and Vera Markgraf","Stevens et al. Level 2",4,766,4,2.85714,4.1
"89",1036,"Middle Kehl Meadow Spring","Coconino NF, Mogollon Rim RD",34.44493,-111.31868,2311,"helocrene","rheocrene",-1540123490,"8/9/2012","Kyle Paffett and Vera Markgraf","Stevens et al. Level 2",6,767,4,2.71429,4.22083
"90",956,"Dove Spring","Coconino NF, Mogollon Rim RD",34.87316,-111.37323,2229,"hillslope","helocrene",-971566137,"6/11/2012","Kyle Paffett, Tom Bean, and Susan Bean","Stevens et al. Level 2",5,768,3,3,3.3125
"91",1055,"Paterson Spring","Coconino NF, Peaks RD",35.15664,-111.80714,2222,"hillslope",NA,-594328580,"8/4/2012","Kyle Paffett, Vera Markgraf, and Quintin Van Dyke","Stevens et al. Level 2",2,769,0,2.71429,1.72083
"92",1025,"Middle Leonard Canyon Spring #2","Coconino NF, Mogollon Rim RD",34.399,-111.14624,2403,"anthropogenic","limnocrene",1422015114,"8/11/2012","Kyle Paffett and Vera Markgraf","Stevens et al. Level 2",5,770,3,3,2.975
"93",426,"Bone Dry Springs","Coconino NF, Mogollon Rim RD",34.48296,-111.28056,2195,"hillslope","hypocrene",-683915709,"8/10/2012","Kyle Paffett, Vera Markgraf, Abe Springer, and Gerald Higa","Stevens et al. Level 2",3,771,0,2.57143,2.43125
"94",989,"Homestead Spring","Coconino NF, Mogollon Rim RD",34.47081,-111.28548,2212,"hillslope","rheocrene",2121829320,"8/10/2012","Kyle Paffett, Abe Springer, Vera Markgraf, and Gerald Higa","Stevens et al. Level 2",3,772,1,2.14286,3.34583
"95",549,"Drier Spring","Coconino NF, Mogollon Rim RD",34.48347,-111.2743,2206,"rheocrene","hillslope",-1832500695,"8/10/2012","Kyle Paffett, Vera Markgraf, Abe Springer, and Gerald Higa","Stevens et al. Level 2",3,773,0,2.57143,1.1
"96",1082,"Schneider Spring","Coconino NF, Mogollon Rim RD",34.48633,-111.13026,2231,"hillslope",NA,1770682166,"8/11/2012","Kyle Paffett Vera Markgraf, and Gerald Higa","Stevens et al. Level 2",3,774,1,2.71429,2.56458
"97",596,"Patton Spring","Coconino NF, Mogollon Rim RD",34.44723,-111.36541,2293,"rheocrene","helocrene",871463039,"8/9/2012","Kyle Paffett and Gerald Higa","Stevens et al. Level 2",3,775,0,2.28571,1.9125
"98",1032,"McFarland Spring","Coconino NF, Mogollon Rim RD",34.47702,-111.19601,2235,"hillslope","rheocrene",-126597036,"8/8/2012","Kyle Paffett and Vera Markgraf","Stevens et al. Level 2",5,776,4,2,4.26875
"99",993,"Houston Draw Spring","Coconino NF, Mogollon Rim RD",34.46801,-111.19666,2264,"hillslope","helocrene",-1771295035,"8/8/2012","Kyle Paffett, Vera Markgraf, and Gerald Higa","Stevens et al. Level 2",5,777,4,2,4.21875
"100",713,"Wildcat Spring","Coconino NF, Mogollon Rim RD",34.46065,-111.4067,2192,"hillslope",NA,1366648089,"8/7/2012","Kyle Paffett and Gerald Higa","Stevens et al. Level 2",2,780,0,2.28571,0.7
"101",1100,"Sycamore Canyon middle north Unnamed","Coconino NF, Red Rock RD",34.46318,-111.71458,1132,"rheocrene",NA,-1307372305,"8/6/2012","Kyle Paffett and Gerald Higa","Stevens et al. Level 2",5,782,3,2.71429,3.54375
"102",940,"Cottonwood Basin Unnamed","Coconino NF, Red Rock RD",34.47866,-111.76912,938,"rheocrene",NA,1122592772,"8/5/2012","Kyle Paffett, Gerald Higa, and Vera Markgraf","Stevens et al. Level 2",6,783,4,1.42857,4.15833
"103",775,"Kaufman Spring","Kaibab NF, Williams RD",35.30588,-111.98786,2229,"hillslope",NA,1186733522,"6/2/2012","Kyle Paffett, Vera Markgraf","Stevens et al. Level 2",3,785,0,2,1.95625
"104",770,"Spitz Spring Lower","Kaibab NF, Williams RD",35.26033,-111.9751,2136,"helocrene","anthropogenic",1281092075,"6/2/2012","Kyle Paffett and Vera Markgraf","Stevens et al. Level 2",5,786,5,2.14286,3.33542
"105",771,"Spitz Spring upper","Kaibab NF, Williams RD",35.26135,-111.97436,2130,"anthropogenic",NA,605110352,"6/2/2012","Kyle Paffett and Vera Markgraf","Stevens et al. Level 2",5,787,5,2.14286,3.33542
"106",781,"Stewart Spring","Kaibab NF, Williams RD",35.10677,-112.15804,2129,"hillslope","rheocrene",1523592721,"6/3/2012","Kyle Paffett, Vera Markgraf, Monica Swihart","Stevens et al. Level 2",5,788,4,1.28571,5.14375
"107",330,"Crane Lake","Kaibab NF, North Kaibab RD",36.52992,-112.14908,2605,"limnocrene",NA,550526073,"6/16/2012","Kyle Paffett","Stevens et al. Level 2",6,802,2,2.71429,3.6
"108",952,"Dorens Defeat Spring","Coconino NF, Red Rock RD",34.43473,-111.67352,1315,"rheocrene","limnocrene",2029320006,"11/18/2012","Kyle Paffett","Stevens et al. Level 2",4,804,3,1.71429,3.27917
"109",1064,"Quail Spring","Coconino NF, Red Rock RD",34.37299,-111.69111,1196,"hillslope",NA,1287150415,"11/18/2012","Kyle Paffett and Kyle Chardi","Stevens et al. Level 2",4,805,1,2,1.58333
"110",1022,"Lockwood Spring","Coconino NF, Peaks RD",35.04672,-111.86354,2103,"hillslope","anthropogenic",-1489959196,"8/4/2012","Kyle Paffett, Vera Markgraf, and Quintin Van Dyke","Stevens et al. Level 2",5,806,3,2.28571,2.79792
"111",941,"Cottonwood Spring","Coconino NF, Red Rock RD",34.48753,-111.77072,951,"rheocrene",NA,-1261498859,"8/5/2012","Kyle Paffett, Gerald Higa, and Vera Markgraf","Stevens et al. Level 2",2,807,0,1.85714,1.3
"112",1035,"Mesquite Spring","Coconino NF, Red Rock RD",34.48673,-111.76822,951,"rheocrene",NA,-1421060174,"8/5/2012","Kyle Paffett, Vera Markgraf, and Gerald Higa","Stevens et al. Level 2",2,808,0,1.85714,1.3
"113",1033,"Meadow Spring","Coconino NF, Mogollon Rim RD",34.42899,-111.15686,2247,"helocrene","hillslope",1371834343,"6/19/2013","Kyle Paffett, Spencer Harris, and Tom Runyon","Stevens et al. Level 2",6,828,4,2.71429,3.1375
"114",1006,"Kelly Seep","Coconino NF, Mormon Lake RD",35.06089,-111.68892,2024,"helocrene",NA,1372265002,"6/17/2013","Kyle Paffett and Spencer Harris","Stevens et al. Level 2",6,831,2,3.14286,2.975
"115",1137,"Winter Cabin Spring","Coconino NF, Red Rock RD",34.68481,-111.76958,1104,"rheocrene",NA,-564726680,"6/17/2013","Kyle Paffett and Spencer Harris","Stevens et al. Level 2",2,832,1,2.28571,2.13958
"116",906,"Billy Back Spring","Coconino NF, Mormon Lake RD",35.01722,-111.34902,2158,"hillslope","rheocrene",1188980297,"6/14/2013","Kyle Paffett, Krista Sparks, and Spencer Harris","Stevens et al. Level 2",6,833,1,2.14286,2.95208
"117",1140,"Yellow Jacket Spring Elliott Canyon","Coconino NF, Mormon Lake RD",35.02525,-111.36373,2153,"hillslope",NA,1372279618,"6/14/2013","Kyle Paffett, Krista Sparks, and Spencer Harris","Stevens et al. Level 2",7,834,1,2.42857,2.9125
"118",892,"Ashurst Spring","Coconino NF, Mormon Lake RD",35.02513,-111.38097,2149,"hillslope",NA,1372694922,"6/14/2013","Kyle Paffett, Krista Sparks, and Spencer Harris","Stevens et al. Level 2",7,838,4,2.42857,3.29375
"119",976,"Free Spring","Coconino NF, Mormon Lake RD",34.86942,-111.5004,2209,"helocrene",NA,-856583480,"6/13/2013","Kyle Paffett, Krista Sparks, and Spencer Harris","Stevens et al. Level 2",5,840,3,2.57143,2.2625
"120",1044,"Mud Spring Mormon Mountain","Coconino NF, Mormon Lake RD",34.95943,-111.54402,2330,"limnocrene",NA,-631866071,"6/13/2013","Kyle Paffett, Krista Sparks, and Spencer Harris","Stevens et al. Level 2",5,841,1,3.14286,2.30833
"121",1067,"Railroad Spring","Coconino NF, Mormon Lake RD",34.87473,-111.45102,2202,"hillslope",NA,1390859830,"6/12/2013","Kyle Paffett, Krista Sparks, Spencer Harris, and Vera Markgraf","Stevens et al. Level 2",6,842,4,2.85714,3.20417
"122",1122,"Wallace Spring","Coconino NF, Mormon Lake RD",34.92473,-111.49152,2229,"helocrene",NA,1372701556,"6/28/2013","Kyle Paffett, Krista Sparks, Spencer Harris, and Vera Markgraf","Stevens et al. Level 2",4,845,3,2.42857,1.78542
"123",1023,"Lockwood Spring","Coconino NF, Mormon Lake RD",34.97443,-111.49292,2264,"hillslope",NA,1887015781,"6/28/2013","Kyle Paffett, Krista Sparks, Spencer Harris, and Vera Markgraf","Stevens et al. Level 2",2,846,0,2.85714,1.29792
"124",749,"Holloway Spring","Kaibab NF, Williams RD",35.11202,-112.08806,2100,"helocrene",NA,-1609849150,"6/27/2013","Kyle Paffett, Krista Sparks, Spencer Harris, and Vera Markgraf","Stevens et al. Level 2",6,848,4,2.42857,2.8625
"125",1002,"Jack Smith Spring","Coconino NF, Peaks RD",35.34522,-111.64766,2929,"helocrene",NA,-675034504,"6/6/2013","Kyle Paffett, Krista Sparks, and Spencer Harris","Stevens et al. Level 2",2,849,0,4,0.35
"126",1347,"Dry Lake Hills Pond","Coconino NF, Peaks RD",35.26775,-111.63409,2499,"limnocrene",NA,-547580570,"6/7/2013","Kyle Paffett, Krista Sparks, and Spencer Harris","Stevens et al. Level 2",4,851,1,2.85714,2.75625
"127",766,"Many Snakes Spring","Kaibab NF, Williams RD",35.10909,-112.23399,1990,"limnocrene","rheocrene",1372705627,"6/27/2013","Kyle Paffett, Krista Sparks, Spencer Harris, and Vera Markgraf","Stevens et al. Level 2",4,852,3,2,3.64375
"128",804,"Orion Spring","Coconino NF, Peaks RD",35.29016,-111.63722,2498,"hillslope","rheocrene",1291839215,"6/7/2013","Kyle Paffett, Krista Sparks, and Spencer Harris","Stevens et al. Level 2",2,853,0,3.57143,1.00833
"129",889,"Alto Spring","Coconino NF, Peaks RD",35.37753,-111.62062,2436,"hillslope",NA,-1019850236,"6/10/2013","Kyle Paffett and Spencer Harris","Stevens et al. Level 2",2,855,0,2.71429,1.63333
"130",1105,"Taylor Spring","Coconino NF, Mogollon Rim RD",34.4635,-111.17946,2270,"hillslope","rheocrene",-136317695,"6/26/2013","Kyle Paffett, Spencer Harris, Tom Bean, Krista Sparks and Vera Markgraf (veg. survey 7/11/13)","Stevens et al. Level 2",8,856,4,2.71429,3.2375
"131",1003,"Jack Smith Spring Number Two","Coconino NF, Peaks RD",35.35751,-111.59963,2389,"rheocrene",NA,-1959001419,"6/10/2013","Kyle Paffett and Spencer Harris","Stevens et al. Level 2",4,857,2,2.14286,2.03542
"132",966,"Fleishman Spring","Coconino NF, Mogollon Rim RD",34.47323,-111.17977,2234,"hillslope","hanging garden",-1011026130,"6/26/2013","Kyle Paffett, Spencer Harris, Tom Bean, Krista Sparks, and Vera Markgraf (Vegetation survey 7/11/2013)","Stevens et al. Level 2",6,858,4,2.42857,3.5375
"133",1014,"Leopard Frog Spring","Coconino NF, Mogollon Rim RD",34.45205,-111.15308,2273,"hillslope",NA,608820203,"6/4/2013","Kyle Paffett, Krista Sparks, and Spencer Harris","Stevens et al. Level 2",6,860,4,2.85714,3.59167
"134",1116,"Twin Tanks","Coconino NF, Mogollon Rim RD",34.43588,-111.17643,2347,"hillslope",NA,-2013827055,"6/11/2013","Kyle Paffett, Krista Sparks, Spencer Harris, and Vera Markgraf","Stevens et al. Level 2",7,862,1,2.57143,3.06042
"135",939,"Cornlily Spring","Coconino NF, Mogollon Rim RD",34.43843,-111.17411,2330,"hillslope","rheocrene",-1536296706,"6/11/2013","Kyle Paffett, Krista Sparks, Spencer Harris, and Vera Markgraf","Stevens et al. Level 2",7,864,1,2.42857,3.13125
"136",955,"Double Springs (East)","Coconino NF, Mormon Lake RD",34.94106,-111.49433,2206,"hillslope",NA,-389710051,"6/25/2013","Kyle Paffett, Krista Sparks, and Spencer Harris","Stevens et al. Level 2",6,865,4,2.85714,2.9125
"137",887,"Allan Lake East","Coconino NF, Mormon Lake RD",34.8327,-111.43991,2274,"helocrene","limnocrene",2122905767,"6/12/2013","Kyle Paffett, Krista Sparks, Spencer Harris, and Vera Markgraf","Stevens et al. Level 2",6,866,4,2.71429,3.35625
"138",1121,"Van Deren Spring","Coconino NF, Mormon Lake RD",34.83563,-111.44602,2282,"helocrene",NA,1949941596,"6/12/2013","Kyle Paffett, Krista Sparks, Spencer Harris, and Vera Markgraf","Stevens et al. Level 2",5,867,3,3.14286,3.08125
"139",954,"Double Springs (West)","Coconino NF, Mormon Lake RD",34.94125,-111.49434,2190,"hillslope",NA,1361798682,"6/25/2013","Kyle Paffett, Krista Sparks, and Spencer Harris","Stevens et al. Level 2",5,868,4,2.85714,2.6375
"140",946,"Dairy Spring","Coconino NF, Mormon Lake RD",34.95378,-111.48179,2166,"hillslope","anthropogenic",-958640493,"6/25/2013","Kyle Paffett, Krista Sparks, and Spencer Harris","Stevens et al. Level 2",6,869,4,3,3.06458
"141",964,"Fisher Point Unnamed","Coconino NF, Peaks RD",35.16261,-111.58643,2124,NA,NA,1372872154,"6/24/2013","Kyle Paffett, Krista Sparks, and Spencer Harris","Stevens et al. Level 2",1,871,0,2.85714,1.04792
"142",962,"End of Trail","Coconino NF, Mormon Lake RD",35.13293,-111.4573,2039,"rheocrene",NA,-645226600,"6/20/2013","Kyle Paffett and Spencer Harris","Stevens et al. Level 2",2,873,0,2.71429,0.99792
"143",902,"Big Clearing","Coconino NF, Mormon Lake RD",35.12075,-111.4172,1977,"rheocrene",NA,-1228890695,"6/20/2013","Kyle Paffett and Spencer Harris","Stevens et al. Level 2",2,874,0,2.85714,1.02917
"144",884,"58 Tank","Coconino NF, Mogollon Rim RD",34.73161,-111.35477,2175,"rheocrene",NA,1373907975,"7/10/2013","Krista Sparks, Kyle Paffett, Spencer Harris, and Vera Markgraf","Stevens et al. Level 2",4,875,1,2.14286,1.69167
"145",963,"Fain Spring","Coconino NF, Mormon Lake RD",34.81879,-111.52392,2159,"helocrene",NA,1374079523,"6/21/2012","Kyle Paffett, Vera Markgraf, and Quintin Van Dyke","Stevens et al. Level 2",6,878,4,2.28571,3.95417
"146",576,"Black Bear Spring","Coconino NF, Mogollon Rim RD",34.44736,-111.16426,2278,"hillslope","helocrene",-655558104,"6/19/2013","Kyle Paffett, Krista Sparks, Spencer Harris, Vera Markgraf, and Tom Runyon","Stevens et al. Level 2",7,879,4,2,3.78958
"147",975,"Fred Haught Spring","Coconino NF, Mogollon Rim RD",34.4879,-111.2244,2127,"limnocrene","rheocrene",1015741023,"7/12/2013","Kyle Paffett, Krista Sparks, Vera Markgraf, and Abe Springer","Stevens et al. Level 2",5,881,3,1.85714,3.65208
"148",1150,"Willow Spring","Coconino NF, Mogollon Rim RD",34.46698,-111.27399,2196,"hanging garden",NA,2115984564,"7/12/2013","Kyle Paffett, Krista Sparks, Vera Markgraf, and Abe Springer","Stevens et al. Level 2",3,882,0,1.71429,2.79375
"149",891,"Ashurst Run Unnamed","Coconino NF, Mormon Lake RD",34.94183,-111.4219,2210,"limnocrene",NA,1376943028,"7/23/2013","Kyle Paffett, Krista Sparks, Spencer Harris, and Vera Markgraf","Stevens et al. Level 2",6,893,4,3.71429,2.73542
"150",1060,"Phroney Spring","Coconino NF, Red Rock RD",34.44083,-111.69431,1243,"rheocrene",NA,1376950578,"7/18/2013","Kyle Paffett, Krista Sparks, Spencer Harris, and Vera Markgraf","Stevens et al. Level 2",3,895,0,2.57143,2.23542
"151",1344,"Little 44 Spring","Coconino NF, Mogollon Rim RD",34.48421,-111.3715,2179,"hillslope",NA,1377540356,"7/22/2013","Kyle Paffett, Spencer Harris, and Vera Markgraf","Stevens et al. Level 2",5,896,4,2.57143,3.14792
"152",690,"Bear Spring lower","Kaibab NF, North Kaibab RD",36.3694,-112.175,2658,"helocrene",NA,1378748943,"8/6/2013","Krista Sparks, Spencer Harris, and Kyle Paffett","Stevens et al. Level 2",7,919,4,2.57143,3.42292
"153",691,"South Big Spring Tank","Kaibab NF, North Kaibab RD",36.35354,-112.18317,2607,"limnocrene","anthropogenic",1205943972,"8/6/2013","Krista Sparks, Kyle Paffett, and Spencer Harris","Stevens et al. Level 2",4,921,4,2.71429,2.42917
"154",814,"Slide Spring north","Kaibab NF, North Kaibab RD",36.66369,-112.56587,1530,"rheocrene","limnocrene",1977572053,"8/3/2013","Krista Sparks, Kyle Paffett, and Spencer Harris","Stevens et al. Level 2",5,922,4,1.28571,3.67083
"155",894,"Babes Hole Spring","Coconino NF, Peaks RD",35.0727,-111.93971,1807,"rheocrene",NA,-661032693,"8/8/2013","Krista Sparks and Spencer Harris","Stevens et al. Level 2",5,925,4,2.14286,3.79375
"156",1007,"Kelsey Spring","Coconino NF, Peaks RD",35.07562,-111.93514,1936,"rheocrene","helocrene",977846512,"8/8/2013","Krista Sparks and Spencer Harris","Stevens et al. Level 2",5,926,4,2.14286,3.56667
"157",979,"Geronimo Spring","Coconino NF, Peaks RD",35.07751,-111.94701,1628,"hillslope","rheocrene",673286705,"8/8/2013","Krista Sparks and Spencer Harris","Stevens et al. Level 2",5,927,4,2,3.84375
"158",695,"Lower Two Springs 1","Kaibab NF, North Kaibab RD",36.36721,-112.30742,2316,"rheocrene",NA,-1867292676,"8/6/2013","Krista Sparks, Kyle Paffett, and Spencer Harris","Stevens et al. Level 2",6,930,4,1.42857,3.82292
"159",583,"Mangum 4 Springs","Kaibab NF, North Kaibab RD",36.62289,-112.34109,2183,"gushet",NA,-1429977267,"8/4/2013","Krista Sparks, Kyle Paffett, and Spencer Harris","Stevens et al. Level 2",5,931,4,2.42857,3.91458
"160",634,"Mangum 2 Springs","Kaibab NF, North Kaibab RD",36.62328,-112.34172,2167,"hanging garden","mound-form",1859106442,"8/4/2013","Krista Sparks, Kyle Paffett, and Spencer Harris","Stevens et al. Level 2",7,933,4,1.85714,3.56042
"161",606,"Willow Spring","Kaibab NF, North Kaibab RD",36.71097,-112.52975,1462,"rheocrene",NA,-1340189326,"8/2/2013","Krista Sparks, Kyle Paffett, and Spencer Harris","Stevens et al. Level 2",5,936,3,1.28571,3.9125
"162",1096,"Strahan Spring","Coconino NF, Peaks RD",35.08209,-111.92415,1947,"hillslope","rheocrene",-2010360320,"8/26/2013","Krista Sparks and Spencer Harris","Stevens et al. Level 2",6,946,4,1.14286,4.13125
"163",271,"Big Spring","Kaibab NF, North Kaibab RD",36.60225,-112.3489,2150,"hanging garden","anthropogenic",1381341749,"8/30/2013","Glenn Rink, Jeri Ledbetter, Larry Stevens, and Marguerite Hendrie","Stevens et al. Level 2",9,970,4,2.875,4.30769
"164",787,"Lower Jumpup Spring below","Kaibab NF, North Kaibab RD",36.53059,-112.58656,1195,"limnocrene","rheocrene",1065999650,"10/5/2013","Krista Sparks, Spencer Harris, Graham Schindel, and Vaden Aldridge","Stevens et al. Level 2",4,973,4,2.14286,3.09375
"165",794,"Kwagunt Hollow Zen Spring","Kaibab NF, North Kaibab RD",36.50922,-112.575,1128,"hanging garden","rheocrene",644377339,"10/4/2013","Krista Sparks, Spencer Harris, Graham Schindel, Vaden Aldridge","Stevens et al. Level 2",4,974,4,2,4.41875
"166",798,"Cottonwood Cienega","Kaibab NF, North Kaibab RD",36.52286,-112.53591,1346,"helocrene","rheocrene",-1847405151,"10/5/2013","Krista Sparks, Spencer Harris, Graham Schindel, Vaden Aldridge","Stevens et al. Level 2",4,976,4,2.14286,4.59167
"167",455,"Jumpup Lower Spring","Kaibab NF, North Kaibab RD",36.53189,-112.58763,1212,"rheocrene",NA,1947087694,"10/5/2013","Krista Sparks, Spencer Harris, Graham Schindel, Vaden Aldridge","Stevens et al. Level 2",4,977,4,2.14286,3.86875
"168",665,"Cottonwood Spring Lower Spring","Kaibab NF, North Kaibab RD",36.521,-112.53052,1403,"rheocrene",NA,-166258505,"10/5/2013","Krista Sparks, Spencer Harris, Graham Schindel, Vaden Aldridge","Stevens et al. Level 2",4,978,4,2.14286,4.50833
"169",818,"Lower Forgotten Canyon Spring","Kaibab NF, North Kaibab RD",36.49048,-112.57429,1187,"hanging garden","rheocrene",-586956244,"10/4/2013","Krista Sparks, Spencer Harris, Graham Schindel, and Vaden Aldridge","Stevens et al. Level 2",4,979,4,2.14286,4.19583
"170",936,"Big Spring","Coconino NF, Red Rock RD",34.54136,-111.62293,1280,"hillslope",NA,-1854014925,"9/21/2013","Krista Sparks, and Spencer Harris","Stevens et al. Level 2",5,982,4,1.42857,3.89792
"171",734,"Indian Spring","Kaibab NF, Williams RD",35.03833,-112.20604,1782,"rheocrene",NA,-1884369672,"8/30/2013","Krista Sparks and Vera Markgraf","Stevens et al. Level 2",3,983,2,1.42857,3.87708
"172",1099,"Sycamore Canyon fork Unnamed","Coconino NF, Red Rock RD",34.45863,-111.71901,1095,"rheocrene",NA,-1277110375,"9/6/2013","Krista Sparks and Graham Schindel","Stevens et al. Level 2",5,984,4,2.14286,3.63958
"173",1103,"Sycamore Spring Hackberry Mountain","Coconino NF, Red Rock RD",34.48283,-111.69512,1243,"hillslope",NA,1232690150,"9/6/2013","Krista Sparks and Graham Schindel","Stevens et al. Level 2",3,985,0,2,2.1625
"174",1298,"Pine Flat Spring","Coconino NF, Red Rock RD",35.0111,-111.73723,1695,"rheocrene","hillslope",-728335563,"7/19/2013","Krista Sparks, Spencer Harris, and Quintin Van Dyk","Stevens et al. Level 2",6,988,4,3.57143,3.12292
"175",896,"Banfield Spring","Coconino NF, Mogollon Rim RD",34.65101,-111.45337,2070,"helocrene",NA,981141611,"7/10/2013","Kyle Paffett, Krista Sparks, Spencer Harris, and Vera Markgraf","Stevens et al. Level 2",6,990,4,2.85714,3.4
"176",933,"Clark Well","Coconino NF, Mormon Lake RD",35.06712,-111.57964,2108,"helocrene","anthropogenic",351313104,"7/17/2013","Krista Sparks and Spencer Harris","Stevens et al. Level 2",4,991,3,3,2.72917
"177",967,"Fortyfour Spring","Coconino NF, Mogollon Rim RD",34.48503,-111.37181,2163,"rheocrene",NA,-13733743,"7/22/2013","Kyle Paffett, Spencer Harris, and Vera Markgraf","Stevens et al. Level 2",5,992,4,3.28571,3.24583
"178",147,"Summer Spring","Coconino NF, Red Rock RD",34.88062,-112.06635,1099,"hillslope",NA,-1551102082,"7/26/2013","Kyle Paffett, Krista Sparks, and Vera Markgraf","Stevens et al. Level 2",5,993,4,2.42857,3.78125
"179",162,"Clover Spring West","Coconino NF, Mogollon Rim RD",34.50596,-111.36258,2089,"hillslope","anthropogenic",2131356967,"7/22/2013","Kyle Paffett, Spencer Harris, and Vera Markgraf","Stevens et al. Level 2",4,994,4,3.42857,2.87708
"180",1083,"Scott Spring","Coconino NF, Mormon Lake RD",35.02612,-111.72134,2014,"hillslope",NA,110082524,"7/19/2013","Krista Sparks, Spencer Harris, and Quintin Van Dyk","Stevens et al. Level 2",2,995,0,2.57143,1.35625
"181",926,"Chalk Point Spring","Coconino NF, Red Rock RD",34.53943,-111.63931,1440,"hillslope",NA,408149639,"10/10/2013","Krista Sparks and Vera Markgraf","Stevens et al. Level 2",5,1002,4,1.42857,4.13958
"182",1042,"Mortgage Spring","Coconino NF, Mormon Lake RD",35.03722,-111.70964,1961,"rheocrene",NA,135537677,"6/24/2013","Kyle Paffett, Krista Sparks, and Spencer Harris","Stevens et al. Level 2",2,1003,0,2.71429,1.95625
"183",1115,"Turkey Seep","Coconino NF, Mogollon Rim RD",34.72948,-111.11132,1958,"rheocrene",NA,179416183,"8/3/2012","Kyle Paffett and Vera Markgraf","Stevens et al. Level 2",2,588,0,1.28571,2.61875
"184",1135,"Wingfield Corral","Coconino NF, Mogollon Rim RD",34.68438,-111.3547,2073,"hillslope","helocrene",-1580774925,"6/20/2012","Kyle Paffett and Tom Bean","Stevens et al. Level 2",3,592,0,3.28571,1.03571
"185",1151,"Yellow Jacket Spring","Coconino NF, Mogollon Rim RD",34.73994,-111.41799,2275,"helocrene",NA,-346968743,"6/20/2012","Kyle Paffett and Tom Bean","Stevens et al. Level 2",3,595,0,5.16667,0.75
"186",429,"Hi Fuller Spring","Coconino NF, Mogollon Rim RD",34.47114,-111.26112,2216,"helocrene",NA,1373916431,"7/12/2013","Krista Sparks, Kyle Paffett, Vera Markgraf, and Abe Springer","Stevens et al. Level 2",7,877,4,2.71429,3.96042
"187",1171,"Devils Head Spring","Coconino NF, Peaks RD",35.24713,-111.62849,2251,"cave",NA,518130838,"6/7/2013","Kyle Paffett, Krista Sparks, and Spencer Harris","Stevens et al. Level 2",5,880,1,2.14286,3.6125
"188",983,"Grapevine Spring","Coconino NF, Mogollon Rim RD",34.85841,-111.26418,2125,"hillslope",NA,1902343845,"7/23/2013","Kyle Paffett, Krista Sparks, Spencer Harris, and Vera Markgraf","Stevens et al. Level 2",6,894,4,1.85714,4.10625
"189",1118,"Wet Beaver Creek middle Unnamed","Coconino NF, Red Rock RD",34.68817,-111.57667,1559,"hanging garden",NA,-2024976226,"8/11/2013","Krista Sparks and Spencer Harris","Stevens et al. Level 2",7,928,4,1.57143,4.09375
"190",1136,"Winter Cabin Spring","Coconino NF, Peaks RD",35.03272,-111.93503,1908,"hillslope",NA,-796581945,"8/12/2013","Krista Sparks, Spencer Harris","Stevens et al. Level 2",6,929,4,3,3.5625
"191",914,"Buckhorn Ranch Unnamed","Coconino NF, Mogollon Rim RD",34.58827,-111.52102,1752,"hillslope",NA,-203609042,"7/31/2013","Krista Sparks and Spencer Harris","Stevens et al. Level 2",3,948,0,2.57143,1.76875
"192",907,"Black Spring","Coconino NF, Peaks RD",35.13262,-111.68938,2132,"hillslope",NA,358958674,"7/17/2013","Krista Sparks and Spencer Harris","Stevens et al. Level 2",6,989,4,3.85714,2.70625
"193",423,"Dora Springs","Coconino NF, Mogollon Rim RD",34.42997,-111.15329,2313,"hillslope",NA,1259645978,"11/10/2009","Larry Stevens, FALA students","Stevens et al. Level 2",10,86,3,3,3.16065
"194",411,"Merritt Springs","Coconino NF, Mogollon Rim RD",34.4529,-111.18319,2274,"hillslope","helocrene",1251496342,"8/22/2009","Larry Stevens, Jeri Ledbetter, Valerie Hallam, Julaire Scott","Stevens et al. Level 2",10,87,3,1.875,4.43889
"195",757,"Lockett Spring","Kaibab NF, Williams RD",35.14878,-112.15251,2159,"helocrene","anthropogenic",1337452832,"5/7/2012","Larry Stevens, Jeri Ledbetter, and Anya Fayfer","Stevens et al. Level 2",9,341,3,4.125,3.70208
"196",373,"Castle Spring","Kaibab NF, North Kaibab RD",36.58623,-112.34149,2195,"hillslope","hanging garden",1339688063,"6/13/2012","Larry Stevens, Glenn Rink, Jeri Ledbetter, Ariel Leonard, Kyle Paffett, Anya Fayfer, and Kumi Isobe","Stevens et al. Level 2",10,384,5,3.875,2.93958
"197",765,"Hat Tank lower","Kaibab NF, Williams RD",35.09281,-112.17659,2036,"rheocrene",NA,-281321730,"6/3/2012","Kyle Paffett, Vera Markgraf","Stevens et al. Level 2",6,789,5,1.85714,4.24405
"198",1072,"Riordan Overpass","Coconino NF, Peaks RD",35.19553,-111.71963,2194,"rheocrene","anthropogenic",1158618625,"8/26/2013","Krista Sparks, Spencer Harris","Stevens et al. Level 2",4,947,2,4.66667,1.61905
"199",717,"Aconitum unnamed springs","Kaibab NF, North Kaibab RD",36.39966,-112.08085,2359,"hillslope",NA,1340219602,"6/17/2012","Larry Stevens, Jeri Ledbetter, Glenn Rink, Kyle Paffett, Anya Fayfer, and Kumi Isobe.","Stevens et al. Level 2",9,396,4,2,4.85
"200",1047,"Munds Spring","Coconino NF, Mormon Lake RD",34.92063,-111.5717,2110,"helocrene","limnocrene",1366389016,"6/22/2012","Kyle Paffett, Jen Williams, and Vera Markgraf","Stevens et al. Level 2",3,757,0,4.2,1.0375
"201",1000,"Iowa Camp Spring","Coconino NF, Mormon Lake RD",34.89512,-111.42522,2256,"hillslope",NA,1366647561,"8/8/2012","Kyle Paffett, Vera Markgraf, and Gerald Higa","Stevens et al. Level 2",3,779,0,3.14286,1.275
"202",925,"Cedar Spring","Coconino NF, Red Rock RD",34.45393,-111.68292,1272,"rheocrene",NA,1668997301,"8/5/2012","Kyle Paffett, Vera Markgraf, and Gerald Higa","Stevens et al. Level 2",6,784,4,1.85714,3.42619
"203",965,"Flagstaff Spring","Coconino NF, Peaks RD",35.33984,-111.66813,3224,"rheocrene",NA,-1279539782,"6/6/2013","Kyle Paffett, Krista Sparks, and Spencer Harris","Stevens et al. Level 2",4,844,9,2.71429,2.24375
"204",1069,"Raspberry Spring","Coconino NF, Peaks RD",35.34135,-111.64864,2966,"rheocrene",NA,-1742283341,"6/6/2013","Kyle Paffett, Krista Sparks, and Spencer Harris","Stevens et al. Level 2",3,847,9,3.28571,2.24375
"205",924,"Cave Spring","Coconino NF, Red Rock RD",34.99853,-111.74056,1663,"anthropogenic",NA,1298824324,"7/19/2013","Krista Sparks, Spencer Harris, and Quintin Van Dyk","Stevens et al. Level 2",4,987,9,4.28571,1.31875
"206",1091,"Snowslide Spring","Coconino NF, Peaks RD",35.3317,-111.67086,3357,"helocrene","rheocrene",1836559287,"9/27/2013","Larry Stevens","Stevens et al. Level 2",9,1014,4,1.5,4.96042
"207",1144,"Little Spring","Coconino NF, Peaks RD",35.37441,-111.72573,2539,"helocrene","anthropogenic",-1355459782,"9/24/2013","Larry Stevens and Jeri Ledbetter","Stevens et al. Level 1",3,1017,3,3.375,3.43333
"208",768,"Mineral Spring","Kaibab NF, Williams RD",35.25188,-111.9994,2124,"helocrene",NA,2146221028,"5/27/2014","Prescott College Springs Ecology Class 2014: Glenn Rink, Jeri Ledbetter, and Larry Stevens","Stevens et al. Level 2",10,1223,3,3,3.1
"209",717,"Aconitum unnamed springs","Kaibab NF, North Kaibab RD",36.39966,-112.08085,2359,"hillslope",NA,-816787537,"6/28/2000","LE Stevens and Zeke Lauck","Stevens/NPS 2000",9,108,4,1.375,4.93651
"210",430,"General Springs","Coconino NF, Mogollon Rim RD",34.45948,-111.24992,2192,"helocrene","rheocrene",1259639552,"9/21/2009","Jeri Ledbetter, Eric North, RJ Johnson, and Denise Hudson","Stevens et al. Level 2",10,65,3,2.875,3.2588
"211",759,"Laws Spring","Kaibab NF, Williams RD",35.4265,-112.06653,2067,"limnocrene","rheocrene",2146221027,"5/26/2014","Larry Stevens, Jeri Ledbetter, Glenn Rink, Jeff Glessing, Lance Murray, Lucky Thomas, Mason Stansfield, Julie Polovitch, and Andy Gosnell","Stevens/GDE hybrid",10,1224,3,1.7,4.3
"212",796,"Upper Sowats Seep","Kaibab NF, North Kaibab RD",36.52293,-112.57188,1107,"hanging garden",NA,335507350,"5/22/2009","K Watters, C Albano, and B Kluwin","Stevens/NPS 2000",7,137,3,2,5.06111
"213",795,"Lower Sowats Seep","Kaibab NF, North Kaibab RD",36.5204,-112.57558,1084,"hanging garden",NA,-1178355703,"5/22/2009","K. Watters, B. Kluwin, and C. Albano","Stevens/NPS 2000",8,138,3,1.75,4.90139
"214",660,"Unnamed Spring 8","Kaibab NF, North Kaibab RD",36.54585,-112.51803,1410,"hanging garden",NA,-868991875,"5/19/2009","D. Burger, C Albano, and K. Watters","Stevens/NPS 2000",8,141,3,2,4.92222
"215",661,"White Spring","Kaibab NF, North Kaibab RD",36.54295,-112.52686,1390,"hillslope",NA,-345768264,"5/19/2009","C. Albano, D. Burger, and K. Watters","Stevens/NPS 2000",7,142,3,1.25,5.02639
"216",701,"Locust Spring","Kaibab NF, North Kaibab RD",36.40003,-112.28603,2452,"helocrene",NA,1298994777,"7/30/2010","C. Albano, G. Rink, J. Spence, B. Phillips, and K. Willard","Stevens/NPS 2000",9,194,9,3.25,3.05
"217",898,"Bear Paw Spring","Coconino NF, Peaks RD",35.34215,-111.65969,3038,NA,NA,-1559757009,"9/27/2013","Larry Stevens","Stevens et al. Level 1",2,1072,0,3.5,1.5875
"218",1019,"Little Elden Spring","Coconino NF, Peaks RD",35.27691,-111.57934,2190,"hillslope","limnocrene",2146244287,"5/19/2016","SSI Staff and Workshop Participants","Stevens et al. Level 1",8,1450,4,2.4,4.2
"219",425,"Moonshine Spring","Coconino NF, Mogollon Rim RD",34.47765,-111.14077,2206,"helocrene",NA,1260756476,"9/19/2009","Jeri Ledbetter, Eric North, RJ Johnson, Karissa Ramstead, Valerie Hallam, Denise Hudson","Stevens et al. Level 2",8,72,0,2,3.16415
"220",312,"Quaking Aspen Spring","Kaibab NF, North Kaibab RD",36.37823,-112.28261,2398,"hillslope",NA,1298504657,"7/28/2010","G. Rink, Albano, Phillips, and Willard","Stevens/NPS 2000",8,157,3,2.71429,3.7422
"221",351,"Parissawampitts Spring","Kaibab NF, North Kaibab RD",36.41313,-112.31666,2366,"rheocrene","helocrene",903914113,"7/30/2010","C. Albano, G. Rink, K. Willard, and J. Spence","Stevens/NPS 2000",8,247,3,3.28571,2.82077
"222",310,"Sowats Spring","Kaibab NF, North Kaibab RD",36.52742,-112.45556,1835,"hillslope",NA,558,"7/1/2000","RJ Johnson, Nathan Zorich, and Zeke Lauck","Stevens/NPS 2000",10,299,3,0.57143,4.50265
"223",885,"63 Tank","Coconino NF, Mogollon Rim RD",34.68032,-111.29347,2135,"limnocrene",NA,1404517222,"8/7/2012","Kyle Paffett and Gerald Higa","Stevens et al. Level 2",4,781,3,2.14286,3.5
"224",422,"Upper Buck Spring","Coconino NF, Mogollon Rim RD",34.42603,-111.14771,2313,"hillslope",NA,1259902296,"9/13/2009","Jeri Ledbetter, Eric North, Valerie Hallam, Christina Davis","Stevens et al. Level 2",10,67,9,2.28571,3.04722
"225",393,"West Moonshine Spring","Coconino NF, Mogollon Rim RD",34.48278,-111.14449,2239,"hillslope","rheocrene",-1689402876,"9/19/2009","RJ Johnson, Eric North, Jeri Ledbetter, Valerie Hallam, Denise Hudson, Karissa Ramstead","Stevens et al. Level 2",9,81,1,2.28571,3.5619
"226",308,"Big Sowats Spring","Kaibab NF, North Kaibab RD",36.52332,-112.45528,1828,"hanging garden",NA,556,"7/1/2000","RJ Johnson, Nathan Zorich, and Zeke Lauck","Stevens/NPS 2000",9,114,3,0.14286,4.56323
"227",783,"McDermit Spring","Kaibab NF, Williams RD",35.26869,-111.91345,2200,"helocrene",NA,-1952595448,"8/30/2011","Larry Stevens and Jeri Ledbetter","Stevens et al. Level 2",10,230,3,3.875,2.70625
"228",309,"Sowats Veronica unnamed","Kaibab NF, North Kaibab RD",36.52485,-112.45552,1840,"hillslope",NA,557,"7/1/2000","RJ Johnson, Nathan Zorich, and Zeke Lauck","Stevens/NPS 2000",9,298,3,0,4.67037
"229",310,"Sowats Spring","Kaibab NF, North Kaibab RD",36.52742,-112.45556,1835,"hillslope",NA,-836967340,"6/14/2012","Larry Stevens, Glenn Rink, Jeri Ledbetter, Kyle Paffett, Ariel Leonard, Anya Fayfer, Kumi Isobe, and Dan Tayler","Stevens et al. Level 2",10,385,3,1.5,4.3125
"230",832,"Glenn Rink Spring","Kaibab NF, North Kaibab RD",36.39426,-112.08316,2560,"hillslope","rheocrene",-1590191419,"6/15/2012","Larry Stevens, Jeri Ledbetter, Glenn Rink, Ariel Leonard, Kyle Paffett, Dan Taylor, Kumi Isobe, and Anya Fayfer","Stevens et al. Level 2",10,386,6,1.5,5.16875
"231",17948,"Coconino Fracture","Kaibab NF, North Kaibab RD",36.39948,-112.08437,2499,"hanging garden",NA,-2132605255,"6/17/2012","Kyle Paffett, Larry Stevens, Jeri Ledbetter, Glenn Rink, Anya Fayfer, and Kumi Isobe","Stevens et al. Level 2",9,393,6,1,5.11667
"232",331,"Crystal Spring","Kaibab NF, North Kaibab RD",36.38914,-112.09597,2682,"helocrene",NA,579,"6/27/2000","RJ Johnson, Larry Stevens, Margaret Erhart, and Nathan Zorich","Stevens/NPS 2000",8,120,4,3.25,3.735
"233",368,"Watts Spring","Kaibab NF, North Kaibab RD",36.37939,-112.27579,2442,"hillslope",NA,616,"6/29/2000","RJ Johnson, Larry Stevens, Margaret Erhart, and Nathan Zorich","Stevens/NPS 2000",10,129,3,3.125,2.92167
"234",283,"North Canyon Spring middle","Kaibab NF, North Kaibab RD",36.39754,-112.08419,2534,"hillslope",NA,631,"6/20/2001","Revisit; WQ, Discharge, and invertebrates","Stevens/NPS 2000",7,183,4,1.5,5.11667
"235",367,"Warm Springs","Kaibab NF, North Kaibab RD",36.69452,-112.31196,2109,"cave",NA,615,"7/3/2000","RJ Johnson, Nathan Zorich, and Zeke Lauck","Stevens/NPS 2000",8,300,3,3.375,2.73
