"","siteid","sitename","LandUnitDetail","latitudedd","longitudedd","ElevationMeters","PrimaryType","SecondaryType","surveyid","surveydate","surveyors","surveyprotocol","ExtentOfData","seapscore_id","FHI_flowRegulation","FHI_humanImpactRiskScore","meanConditionScore"
"1",271,"Big Spring","Kaibab NF, North Kaibab RD",36.60225,-112.3489,2150,"hanging garden","anthropogenic",1290097292,"7/12/2005","LE Stevens and RJ Johnson","Stevens et al. Level 2",9,100,3,3.875,4.15208
"2",675,"Trailview unnamed seep","Kaibab NF, North Kaibab RD",36.40996,-112.08801,2538,"hanging garden",NA,1339954972,"6/17/2012","Larry Stevens, Glenn Rink, Kyle Paffett, and Jeri Ledbetter","Stevens et al. Level 2",7,388,6,0.875,4.54167
"3",585,"Oak Spring","Kaibab NF, North Kaibab RD",36.67734,-112.33707,2054,"hillslope",NA,1340128114,"6/16/2012","Larry Stevens, Jeri Ledbetter, Glenn Rink, Anya Fayfer, Kyle Paffett, and Kumi Isobe","Stevens et al. Level 2",9,391,3,2.125,3.13333
"4",309,"Sowats Veronica unnamed","Kaibab NF, North Kaibab RD",36.52485,-112.45552,1840,"hillslope",NA,1340217528,"6/14/2012","Larry Stevens, Jeri Ledbetter, Glenn Rink, Anya Fayfer, Dan Tayler, Kumi Isobe, Ariel Leonard, and Kyle Paffett","Stevens et al. Level 2",9,395,6,1.75,4.66875
"5",1270,"Campbell Road Spring","Coconino NF, Mogollon Rim RD",34.7475,-111.49703,2094,"hillslope","rheocrene",1355414884,"6/19/2012","Kyle Paffett and Jen Williams","Stevens et al. Level 2",6,540,5,2.25,3.52083
"6",911,"Brandon Spring","Coconino NF, Mogollon Rim RD",34.82391,-111.42551,2302,"limnocrene","hypocrene",304702101,"6/12/2012","Kyle Paffett and Vera Markgraf","Stevens et al. Level 2",4,541,6,1.75,3.8125
"7",19233,"Dragonfly Medicine Springs","Tonto NF, Payson RD",34.42438,-111.57314,1318,"rheocrene",NA,1368656100,"5/13/2013","Larry Stevens, Jeri Ledbetter, Tori Stempniewicz, Chris Coder, and Frank Sanchez","Stevens et al. Level 2",8,816,6,2,4.63333
"8",15028,"Page Cave Springs","Arizona Game & Fish Department",34.76178,-111.88928,1073,"cave","anthropogenic",1368721385,"5/15/2013","Larry Stevens, Jeri Ledbetter, Chris Coder, and workshop participants","Stevens et al. Level 2",7,817,2,4.25,3.51667
"9",331,"Crystal Spring","Kaibab NF, North Kaibab RD",36.38914,-112.09597,2682,"helocrene",NA,1291677445,"8/9/2010","Barb Phillips, Glenn Rink, Jack Pennington, Ann Litke, Don Witter, and Kimberly Hanson","Stevens/NPS 2000",8,110,1,3,3.775
"10",476,"Rock Spring Upper Bowl","Kaibab NF, North Kaibab RD",36.68374,-112.5719,1345,"hanging garden",NA,1262650726,"11/2/2009","Larry Stevens","Stevens et al. Level 2",7,121,6,2.125,4.0625
"11",368,"Watts Spring","Kaibab NF, North Kaibab RD",36.37939,-112.27579,2442,"hillslope",NA,-1761027419,"7/29/2010","C. Albano, G. Rink, B. Phillips, and K. Willard","Stevens/NPS 2000",8,187,2,2.875,3.41667
"12",604,"Table Rock Spring","Kaibab NF, North Kaibab RD",36.71172,-112.46383,1613,"hanging garden",NA,1305733932,"5/16/2011","L.E. Stevens, Jeri Ledbetter, Melissa Schaar, Glenn Rink, and Megan Souter","Stevens et al. Level 2",9,207,2,3.25,3.47083
"13",605,"Wildband Spring","Kaibab NF, North Kaibab RD",36.71689,-112.51032,1545,"hillslope","hanging garden",1305841225,"5/18/2011","L.E. Stevens, Glenn Rink, Melissa Schaar, Doug Miller, and Jeri Ledbetter","Stevens et al. Level 2",9,208,4,1.625,4.65417
"14",703,"Little Spring","Kaibab NF, North Kaibab RD",36.62953,-112.58575,1455,"rheocrene",NA,42589885,"5/17/2011","L.E. Stevens, Jeri Ledbetter, Melissa Schaar, Glenn Rink, and Megan Souter","Stevens et al. Level 2",9,209,6,1.625,4.59375
"15",704,"Boulder Spring","Kaibab NF, North Kaibab RD",36.63126,-112.58782,1390,"rheocrene",NA,244970810,"5/17/2011","L.E. Stevens, Jeri Ledbetter, Melissa Schaar, Glenn Rink, and Megan Souter","Stevens/GDE hybrid",9,210,6,1.25,4.28333
"16",705,"Little Willow Unnamed Seep","Kaibab NF, North Kaibab RD",36.63229,-112.58718,1415,"rheocrene",NA,-1881000141,"5/17/2011","L.E. Stevens, Jeri Ledbetter, and Melissa Schaar","Stevens et al. Level 2",8,211,6,1.25,4.57292
"17",603,"Pigeon Spring","Kaibab NF, North Kaibab RD",36.72411,-112.5094,1506,"hanging garden",NA,1906284758,"5/18/2011","L.E. Stevens, Jeri Ledbetter, Doug Miller, M. Schaar, and Glenn Rink","Stevens et al. Level 2",9,212,3,3.875,3.7625
"18",778,"Solidago Spring","Kaibab NF, North Kaibab RD",36.54127,-112.47433,1765,"hanging garden",NA,1306171535,"5/20/2011","L.E. Stevens, Glenn Rink, and Melissa Schaar","Stevens et al. Level 2",9,213,6,1.5,4.79792
"19",820,"Pasque Spring","Kaibab NF, North Kaibab RD",36.54076,-112.4766,1765,"hanging garden",NA,-1388491996,"5/20/2011","L.E. Stevens, G. Rink, Melissa Schaar, J.D. Ledbetter, and Megan Souter","Stevens et al. Level 2",9,214,6,1.5,4.87917
"20",826,"Phragmites Unnamed Spring","Kaibab NF, North Kaibab RD",36.63205,-112.58805,1396,"hypocrene",NA,1306175483,"5/17/2011","Larry Stevens, Glenn Rink, and Megan Souter","Stevens et al. Level 2",6,215,6,2,3.97917
"21",464,"Slide Spring","Kaibab NF, North Kaibab RD",36.65794,-112.56237,1490,"rheocrene",NA,-1643174473,"5/19/2011","Glenn Rink, Jeri Ledbetter, Melissa Schaar, and Doug Miller","Stevens et al. Level 2",9,216,3,2.25,4.30625
"22",640,"Willow Spring","Kaibab NF, Williams RD",35.13389,-112.02822,1980,"rheocrene","limnocrene",1314901810,"8/29/2011","Larry Stevens and Jeri Ledbetter","Stevens et al. Level 2",7,222,6,1.625,4.17708
"23",632,"Nail Spring","Kaibab NF, North Kaibab RD",36.62522,-112.34576,2163,"hanging garden",NA,-1166825104,"6/27/2011","Glenn Rink, Jeri Ledbetter, Frank Romiglia, Lisa Schaller and Victoria Hermosillo","Stevens et al. Level 2",8,223,3,1.625,3.025
"24",582,"Lower McDermit Spring","Kaibab NF, Williams RD",35.25786,-111.91766,2165,"helocrene","anthropogenic",865369475,"8/30/2011","Larry Stevens and Jeri Ledbetter","Stevens et al. Level 2",9,229,1,3.625,2.16042
"25",752,"Isham Spring","Kaibab NF, Williams RD",35.19982,-112.04007,2072,"helocrene",NA,-1592898711,"8/29/2011","Larry Stevens and Jeri Ledbetter","Stevens et al. Level 2",8,231,0,2.875,1.85625
"26",833,"Stonefly Springs","Kaibab NF, North Kaibab RD",36.4085,-112.08466,2399,"rheocrene",NA,-141083453,"6/26/2011","Larry Stevens, Frank Romaglio, Lisa Schaller, and Victoria Hermosilla","Stevens et al. Level 2",9,241,6,1.125,4.87083
"27",322,"Bear Lake","Kaibab NF, North Kaibab RD",36.37138,-112.14729,2775,"limnocrene",NA,1292614369,"8/1/2010","T McCall, G Rink, C Albano, and K Willard","Stevens/NPS 2000",9,248,6,2.5,4.31875
"28",633,"Mangum Springs","Kaibab NF, North Kaibab RD",36.62319,-112.34262,2225,"gushet",NA,-959438265,"6/27/2011","Larry Stevens, David Kreamer, and Andrea Hazelton","Stevens et al. Level 2",8,259,2,1.875,3.64375
"29",367,"Warm Springs","Kaibab NF, North Kaibab RD",36.69452,-112.31196,2109,"cave",NA,-594581327,"6/28/2011","Larry Stevens, Dave Kreamer, Frank Romiglia, Phoebe Stevens, and Andrea Hazelton","Stevens et al. Level 2",9,260,2,3.125,3.15
"30",630,"Tilton Springs","Kaibab NF, North Kaibab RD",36.65883,-112.34017,2099,"rheocrene","hillslope",344223006,"6/27/2011","Larry Stevens, Dave Kreamer, Beep Jenkens, Andrea Hazelton, and Phoebe Stevens","Stevens et al. Level 2",8,261,2,2.875,4.09375
"31",586,"Oquer Spring","Kaibab NF, North Kaibab RD",36.52583,-112.24269,2550,"hillslope",NA,-1575642358,"6/28/2011","Glenn Rink, Lisa Schaller, Beep Jenkins, and Frank Romiglia","Stevens/NPS 2000",10,284,2,2.42857,3.65
"32",323,"Bee Spring","Kaibab NF, North Kaibab RD",36.45068,-112.31821,2388,"hillslope",NA,571,"6/30/2000","RJ Johnson, Nathan Zorich, and Zeke Lauck","Stevens/NPS 2000",8,293,1,2.875,1.88542
"33",765,"Hat Tank lower","Kaibab NF, Williams RD",35.09281,-112.17659,2036,"rheocrene",NA,1337439599,"5/8/2012","Larry Stevens, Jeri Ledbetter, and Anya Fayfer","Stevens et al. Level 2",10,339,6,1.625,3.96875
"34",764,"Hat Tank upper","Kaibab NF, Williams RD",35.0955,-112.1707,2065,"rheocrene","hillslope",-423183711,"5/8/2012","Larry Stevens, Jeri Ledbetter, and Anya Fayfer","Stevens et al. Level 2",9,342,6,1.875,4.01667
"35",579,"Bear Springs","Kaibab NF, Williams RD",35.08688,-112.18007,2016,"rheocrene",NA,1337463882,"5/10/2012","Larry Stevens, Jeri Ledbetter, Marguerite Hendrie, and Anya Fayfer","Stevens et al. Level 2",9,344,6,1.5,4.20417
"36",729,"Mud Springs","Kaibab NF, Williams RD",35.11495,-112.1868,2115,"helocrene","anthropogenic",-2045375229,"5/10/2012","Larry Stevens, Jeri Ledbetter, Anya Fayfer, and Marguerite Hendrie","Stevens et al. Level 2",10,345,3,3.125,3.07917
"37",588,"Rosilda Spring","Kaibab NF, Williams RD",35.17467,-112.06092,2051,"helocrene","anthropogenic",1337612448,"5/12/2012","Larry Stevens, Jeri Ledbetter, Marguerite Hendrie, Anya Fayfer, and Vera Markgraf","Stevens et al. Level 2",9,347,2,2.875,3.50208
"38",739,"Big Spring","Kaibab NF, Williams RD",35.15812,-112.08072,2088,"hillslope",NA,-1863225394,"5/12/2012","Jeri Ledbetter, Marguerite Hendrie, Anya Fayfer, and Vera Markgraf","Stevens et al. Level 2",10,349,4,2.625,3.8625
"39",330,"Crane Lake","Kaibab NF, North Kaibab RD",36.52992,-112.14908,2605,"limnocrene",NA,630,"6/21/2001","L.E. Stevens, M. Erhart, Lindsey from USU, E. North, and R.J. Johnson","Stevens/NPS 2000",9,379,6,2.25,4.31667
"40",9738,"Sowats middle unnamed","Kaibab NF, North Kaibab RD",36.52587,-112.45612,1850,"hillslope",NA,1899127942,"6/14/2012","Larry Stevens and Glenn Rink","Stevens et al. Level 2",8,394,6,1.375,4.88542
"41",19150,"Cane Aqueduct Spring","Kaibab NF, North Kaibab RD",36.58284,-112.04753,1891,"cave","anthropogenic",1354802492,"7/15/2005","L.E. Stevens, R.J. Johnson, Shondeen Griswold","Stevens et al. Level 2",9,531,2,2.75,3.6875
"42",72,"Foster Spring","Coconino NF, Mogollon Rim RD",34.77362,-111.50602,2127,"hillslope",NA,1174033049,"9/5/2013","Larry Stevens, Jeri Ledbetter, Chris Canavan, Maryann McGraw, Shelly Barnes, David Jackson, Nita Tallent, Gibbey Simion","Stevens et al. Level 2",4,1020,5,2.9,3.9
"43",348,"North Canyon Spring all","Kaibab NF, North Kaibab RD",36.3978,-112.08428,2508,"hillslope",NA,1385057239,"6/17/2012","Kyle Paffett and Larry Stevens","Stevens et al. Level 2",1,1066,6,1.5,5.07917
"44",460,"Rock Spring Lower","Kaibab NF, North Kaibab RD",36.6837,-112.57248,1328,"hanging garden","hillslope",1260040414,"11/2/2009","Larry Stevens","Stevens et al. Level 2",10,69,4,2.75,4.1125
"45",459,"Mountain Sheep Spring","Kaibab NF, North Kaibab RD",36.52305,-112.56798,1130,"gushet","limnocrene",1307402050,"10/30/2009","Larry Stevens","Stevens et al. Level 2",10,70,5,2.375,4.87083
"46",414,"Barbershop Springs","Coconino NF, Mogollon Rim RD",34.43833,-111.1943,2292,"hillslope",NA,1252177048,"8/22/2009","Larry Stevens, Jeri Ledbetter, Valerie Hallam, Julaire Scott","Stevens et al. Level 2",9,85,4,2.9,4
"47",453,"27 Mule Spring","Kaibab NF, North Kaibab RD",36.50289,-112.54557,1379,"rheocrene",NA,-636807441,"10/30/2009","Larry Stevens","Stevens et al. Level 2",8,124,5,1.57143,4.16875
"48",708,"Tater Canyon Springs","Kaibab NF, North Kaibab RD",36.49475,-112.06881,2260,"hillslope","anthropogenic",1292278918,"7/15/2005","LE Stevens, RJ Johnson, and S Griswald","Stevens et al. Level 2",9,128,1,2.625,2.93889
"49",446,"Veit Spring","Coconino NF, Peaks RD",35.30671,-111.71294,2620,"hillslope","cave",1003707383,"8/14/2009","Larry Stevens and Julaire Scott","Stevens et al. Level 2",9,132,3,3.875,3.70972
"50",271,"Big Spring","Kaibab NF, North Kaibab RD",36.60225,-112.3489,2150,"hanging garden","anthropogenic",520,"7/2/2000","RJ Johnson,Nathan Zorich, Zeke Lauck","Stevens/NPS 2000",5,191,3,3.85714,4.1875
"51",271,"Big Spring","Kaibab NF, North Kaibab RD",36.60225,-112.3489,2150,"hanging garden","anthropogenic",632,"6/22/2001","L. Stevens, K Burke, RJ Johnson, M. Erhart, R. Andress, et al","Stevens/NPS 2000",5,206,3,3.85714,4.11042
"52",763,"Acer Spring","Kaibab NF, North Kaibab RD",36.57656,-112.5495,1535,"hillslope",NA,1500746830,"5/21/2011","Glenn Rink, Jeri Ledbetter, Melissa Schaar, and Doug Miller","Stevens/GDE hybrid",10,219,4,1.28571,4.10625
"53",379,"Burro Spring","Kaibab NF, North Kaibab RD",36.81586,-112.0928,1887,"hanging garden",NA,1612828796,"6/28/2011","Jeri Ledbetter, Glenn Rink, Lisa Schaller, Beep Jenkins, and Frank Romiglia","Stevens et al. Level 2",10,290,4,2.5,4.65
"54",413,"FS 139C Spring Pond","Coconino NF, Mogollon Rim RD",34.44196,-111.19214,2333,"limnocrene",NA,707996084,"8/23/2009","Larry Stevens, Jeri Ledbetter, Valerie Hallam","Stevens et al. Level 2",10,62,1,3.5,2.59537
"55",282,"North Canyon Spring lower","Kaibab NF, North Kaibab RD",36.39812,-112.08389,2485,"hillslope",NA,531,"6/28/2000","RJ Johnson, Larry Stevens, Margaret Erhart, Paul Lauck, and Nathan Zorich","Stevens/NPS 2000",8,118,6,1,5.13426
"56",281,"North Canyon Spring upper","Kaibab NF, North Kaibab RD",36.39752,-112.08465,2513,"hillslope",NA,530,"6/28/2000","RJ Johnson, Larry Stevens, Margaret Erhart, Nathan Zorich, and Paul Lauck","Stevens/NPS 2000",9,119,6,1,4.97037
"57",283,"North Canyon Spring middle","Kaibab NF, North Kaibab RD",36.39754,-112.08419,2534,"hillslope",NA,532,"6/28/2000","RJ Johnson, Larry Stevens, Margaret Erhart, Nathan Zorich, and Paul Lauck","Stevens/NPS 2000",8,126,6,1.5,4.90741
"58",280,"Dog Lake","Kaibab NF, North Kaibab RD",36.42209,-112.08968,2682,"limnocrene",NA,529,"6/28/2000","RJ Johnson, Larry Stevens,Margaret Erhart, Nathan Zorich, and Paul Lauck","Stevens/NPS 2000",9,127,1,2.875,3.04398
"59",723,"Tater Canyon Springs upper","Kaibab NF, North Kaibab RD",36.49594,-112.07043,2345,"hanging garden",NA,1303401107,"7/15/2005","L.E. Stevens and R.J. Johnson","Stevens et al. Level 2",7,186,2,2.125,4.24722
"60",678,"Switchback Spring","Kaibab NF, North Kaibab RD",36.40726,-112.08145,2374,"hillslope","rheocrene",132964424,"6/26/2011","Glenn Rink, Jeri Ledbetter, Andrea Hazelton, Beep Jenkins, and Phoebe Stevens","Stevens et al. Level 2",10,221,6,1,4.85
"61",330,"Crane Lake","Kaibab NF, North Kaibab RD",36.52992,-112.14908,2605,"limnocrene",NA,1293734428,"7/13/2005","LE Stevens, RJ Johnson, SG, Kelly Burke, and EA","Stevens et al. Level 2",10,258,6,2.375,3.86389
"62",1359,"Wild Horse upper spring","Kaibab NF, Williams RD",35.09183,-112.16236,2050,"rheocrene",NA,1337360100,"5/11/2012","Larry Stevens, Jeri Ledbetter, and Anya Fayfer, and Marguerite Hendrie","Stevens et al. Level 2",9,340,6,1.875,4.32917
"63",779,"Wild Horse Spring","Kaibab NF, Williams RD",35.09095,-112.1645,2041,"rheocrene",NA,1337459888,"5/11/2012","Larry Stevens, Jeri Ledbetter, Anya Fayfer, and Marguerite Hendrie","Stevens et al. Level 2",9,343,6,1.57143,4.29792
"64",741,"Buck Spring","Kaibab NF, Williams RD",35.18881,-112.04959,2077,"helocrene",NA,2002867233,"5/12/2012","Larry Stevens, Jeri Ledbetter, Marguerite Hendrie, Anya Fayfer, and Vera Markgraf","Stevens et al. Level 2",9,348,2,3.75,2.7375
"65",1041,"Mint Upper West Unnamed","Coconino NF, Mormon Lake RD",34.86418,-111.41315,2338,"hillslope",NA,1577872354,"6/11/2012","Kyle Paffett, Tom Bean, and Susan Bean","Stevens et al. Level 2",2,583,4,2.85714,0.6625
"66",1008,"Kendrick Spring","Coconino NF, Peaks RD",35.44391,-111.83994,2319,"rheocrene",NA,-1080294725,"6/10/2012","Kyle Paffett and Quintin Van Dyke","Stevens et al. Level 2",3,584,0,3.42857,0.73125
"67",774,"Beale Spring","Kaibab NF, Williams RD",35.36239,-111.91183,2255,"helocrene","rheocrene",547388640,"6/6/2012","Kyle Paffett, Tom Bean, and Susan Bean","Stevens et al. Level 2",2,585,6,2.42857,0.75
"68",545,"Hunter Springs","Coconino NF, Mogollon Rim RD",34.57394,-111.18902,2189,"hillslope",NA,-999869599,"8/3/2012","Kyle Paffett and Vera Markgraf","Stevens et al. Level 2",3,586,6,1.71429,2.70833
"69",1001,"Jacks Canyon Unnamed","Coconino NF, Mogollon Rim RD",34.74824,-111.05954,1908,"hillslope","limnocrene",-242405874,"8/3/2012","Kyle Paffett and Vera Markgraf","Stevens et al. Level 2",5,587,1,1.71429,2.21429
"70",899,"Bear Seep Tank","Coconino NF, Mormon Lake RD",34.94475,-111.53757,2276,"hillslope","limnocrene",-1930544404,"6/22/2012","Kyle Paffett, Vera Markgraf, and Jen Williams","Stevens et al. Level 2",6,589,1,2.71429,3.85
"71",1077,"Roundup Park Spring","Coconino NF, Mogollon Rim RD",34.82363,-111.48742,2249,"hillslope","helocrene",-305110147,"6/21/2012","Kyle Paffett, Vera Markgraf, and Quintin Van Dyke","Stevens et al. Level 2",3,590,4,3.14286,1.55
"72",1075,"Rock Top Spring","Coconino NF, Mormon Lake RD",34.85246,-111.548,2130,"hillslope","helocrene",893635322,"6/21/2012","Kyle Paffett, Vera Markgraf, and Quintin Van Dyke","Stevens et al. Level 2",5,591,6,2.14286,3.71875
"73",1065,"Quinamptewa Spring","Coconino NF, Mogollon Rim RD",34.71461,-111.44237,2144,"helocrene","hillslope",2050511288,"6/20/2012","Kyle Paffett andTom Bean","Stevens et al. Level 2",5,593,6,1.85714,3.48333
"74",773,"West Elk Spring","Kaibab NF, Williams RD",35.37962,-111.98908,2182,"anthropogenic","hillslope",-1935567057,"6/6/2012","Kyle Paffett, Tom Bean, and Susan Bean","Stevens et al. Level 2",3,597,1,1.85714,2.35833
"75",945,"Curley Seep","Coconino NF, Peaks RD",35.44218,-111.76352,2318,"hillslope","rheocrene",117165380,"6/10/2012","Kyle Paffett and Quintin Van Dyke","Stevens et al. Level 2",3,598,5,2.85714,1.99792
"76",743,"Lost Spring","Kaibab NF, Williams RD",35.47141,-111.88183,2198,"hillslope","helocrene",1907240181,"6/10/2012","Kyle Paffett and Quintin Van Dyke","Stevens et al. Level 2",2,599,0,2.71429,1.075
"77",1039,"Mint Lower West","Coconino NF, Mormon Lake RD",34.86501,-111.41275,2329,"hillslope",NA,-1404959470,"6/11/2012","Kyle Paffett, Tom Bean, and Susan Bean","Stevens et al. Level 2",5,600,6,2,3.14583
"78",742,"Triangle Spring","Kaibab NF, Williams RD",35.17196,-111.95661,2059,"helocrene",NA,44634155,"6/4/2012","Kyle Paffett, Vera Markgraf, and Jen Williams","Stevens et al. Level 2",3,601,1,2.7,1.8
"79",746,"Dow Spring","Kaibab NF, Williams RD",35.15499,-111.98573,2058,"hillslope","rheocrene",-805406320,"6/4/2012","Kyle Paffett, Vera Markgraf, Jen Williams","Stevens et al. Level 2",5,602,6,1.71429,4.52917
"80",755,"Ross Spring","Kaibab NF, Williams RD",35.20441,-112.01934,2081,"helocrene","rheocrene",-990724527,"6/4/2012","Kyle Paffett, Vera Markgraf, and Jen Williams","Stevens et al. Level 2",3,603,0,1.42857,2.275
"81",748,"Garland Spring","Kaibab NF, Williams RD",35.18803,-111.99789,2052,"hillslope","helocrene",1961376318,"6/4/2012","Kyle Paffett, Vera Markgraf, and Jen Williams","Stevens et al. Level 2",3,604,0,1.57143,2.31875
"82",764,"Hat Tank upper","Kaibab NF, Williams RD",35.0955,-112.1707,2065,"rheocrene","hillslope",178647271,"6/3/2012","Kyle Paffett, Vera Markgraf","Stevens et al. Level 2",5,605,6,1.42857,4.03125
"83",980,"Gooseberry Springs","Coconino NF, Mogollon Rim RD",34.815,-111.40207,2399,"helocrene",NA,176976185,"6/12/2012","Kyle Paffett and Vera Markgraf","Stevens et al. Level 2",5,758,2,2.14286,3.20625
"84",782,"Sawmill Spring","Kaibab NF, Williams RD",35.28865,-111.95994,2219,"hillslope","anthropogenic",-106357498,"6/6/2012","Kyle Paffett, Tom Bean, and Susan Bean","Stevens et al. Level 2",4,759,1,1.42857,3.39375
"85",729,"Mud Springs","Kaibab NF, Williams RD",35.11495,-112.1868,2115,"helocrene","anthropogenic",1984790031,"6/9/2012","Kyle Paffett and Susan Eisenberg","Stevens et al. Level 2",5,760,1,2.14286,2.8875
"86",998,"Hoxworth Springs South","Coconino NF, Mormon Lake RD",35.03894,-111.57649,2144,"rheocrene",NA,-899944747,"8/12/2012","Kyle Paffett, Vera Markgraf, and Quintin Van Dyke","Stevens et al. Level 2",5,762,6,2.28571,4.16458
"87",1004,"Jones Springs","Coconino NF, Mogollon Rim RD",34.76321,-111.49854,2153,"hillslope","helocrene",1996249458,"6/19/2012","Kyle Paffett and Jen Williams","Stevens et al. Level 2",6,763,5,2.42857,4.26458
"88",1076,"Rocky Spring","Coconino NF, Mogollon Rim RD",34.40636,-111.1524,2347,"rheocrene",NA,1161307403,"8/11/2012","Kyle Paffett and Gerald Higa","Stevens et al. Level 2",4,764,6,2.28571,3
"89",949,"Deer Seep Tank","Coconino NF, Mogollon Rim RD",34.82549,-111.37971,2277,"limnocrene",NA,-404331280,"6/12/2012","Kyle Paffett and Vera Markgraf","Stevens et al. Level 2",5,765,2,2.28571,3.65208
"90",1113,"T-Six Spring","Coconino NF, Mormon Lake RD",34.90741,-111.59618,2092,"helocrene","hillslope",1311727153,"6/22/2012","Kyle Paffett, Jen Williams, and Vera Markgraf","Stevens et al. Level 2",4,766,4,2.85714,4.1
"91",1036,"Middle Kehl Meadow Spring","Coconino NF, Mogollon Rim RD",34.44493,-111.31868,2311,"helocrene","rheocrene",-1540123490,"8/9/2012","Kyle Paffett and Vera Markgraf","Stevens et al. Level 2",6,767,6,2.71429,4.22083
"92",956,"Dove Spring","Coconino NF, Mogollon Rim RD",34.87316,-111.37323,2229,"hillslope","helocrene",-971566137,"6/11/2012","Kyle Paffett, Tom Bean, and Susan Bean","Stevens et al. Level 2",5,768,5,3,3.3125
"93",1055,"Paterson Spring","Coconino NF, Peaks RD",35.15664,-111.80714,2222,"hillslope",NA,-594328580,"8/4/2012","Kyle Paffett, Vera Markgraf, and Quintin Van Dyke","Stevens et al. Level 2",2,769,4,2.71429,1.72083
"94",1025,"Middle Leonard Canyon Spring #2","Coconino NF, Mogollon Rim RD",34.399,-111.14624,2403,"anthropogenic","limnocrene",1422015114,"8/11/2012","Kyle Paffett and Vera Markgraf","Stevens et al. Level 2",5,770,3,3,2.975
"95",426,"Bone Dry Springs","Coconino NF, Mogollon Rim RD",34.48296,-111.28056,2195,"hillslope","hypocrene",-683915709,"8/10/2012","Kyle Paffett, Vera Markgraf, Abe Springer, and Gerald Higa","Stevens et al. Level 2",3,771,6,2.57143,2.43125
"96",989,"Homestead Spring","Coconino NF, Mogollon Rim RD",34.47081,-111.28548,2212,"hillslope","rheocrene",2121829320,"8/10/2012","Kyle Paffett, Abe Springer, Vera Markgraf, and Gerald Higa","Stevens et al. Level 2",3,772,5,2.14286,3.34583
"97",549,"Drier Spring","Coconino NF, Mogollon Rim RD",34.48347,-111.2743,2206,"rheocrene","hillslope",-1832500695,"8/10/2012","Kyle Paffett, Vera Markgraf, Abe Springer, and Gerald Higa","Stevens et al. Level 2",3,773,6,2.57143,1.1
"98",1082,"Schneider Spring","Coconino NF, Mogollon Rim RD",34.48633,-111.13026,2231,"hillslope",NA,1770682166,"8/11/2012","Kyle Paffett Vera Markgraf, and Gerald Higa","Stevens et al. Level 2",3,774,4,2.71429,2.56458
"99",596,"Patton Spring","Coconino NF, Mogollon Rim RD",34.44723,-111.36541,2293,"rheocrene","helocrene",871463039,"8/9/2012","Kyle Paffett and Gerald Higa","Stevens et al. Level 2",3,775,6,2.28571,1.9125
"100",1032,"McFarland Spring","Coconino NF, Mogollon Rim RD",34.47702,-111.19601,2235,"hillslope","rheocrene",-126597036,"8/8/2012","Kyle Paffett and Vera Markgraf","Stevens et al. Level 2",5,776,6,2,4.26875
"101",993,"Houston Draw Spring","Coconino NF, Mogollon Rim RD",34.46801,-111.19666,2264,"hillslope","helocrene",-1771295035,"8/8/2012","Kyle Paffett, Vera Markgraf, and Gerald Higa","Stevens et al. Level 2",5,777,6,2,4.21875
"102",713,"Wildcat Spring","Coconino NF, Mogollon Rim RD",34.46065,-111.4067,2192,"hillslope",NA,1366648089,"8/7/2012","Kyle Paffett and Gerald Higa","Stevens et al. Level 2",2,780,1,2.28571,0.7
"103",1100,"Sycamore Canyon middle north Unnamed","Coconino NF, Red Rock RD",34.46318,-111.71458,1132,"rheocrene",NA,-1307372305,"8/6/2012","Kyle Paffett and Gerald Higa","Stevens et al. Level 2",5,782,6,2.71429,3.54375
"104",940,"Cottonwood Basin Unnamed","Coconino NF, Red Rock RD",34.47866,-111.76912,938,"rheocrene",NA,1122592772,"8/5/2012","Kyle Paffett, Gerald Higa, and Vera Markgraf","Stevens et al. Level 2",6,783,6,1.42857,4.15833
"105",775,"Kaufman Spring","Kaibab NF, Williams RD",35.30588,-111.98786,2229,"hillslope",NA,1186733522,"6/2/2012","Kyle Paffett, Vera Markgraf","Stevens et al. Level 2",3,785,6,2,1.95625
"106",770,"Spitz Spring Lower","Kaibab NF, Williams RD",35.26033,-111.9751,2136,"helocrene","anthropogenic",1281092075,"6/2/2012","Kyle Paffett and Vera Markgraf","Stevens et al. Level 2",5,786,3,2.14286,3.33542
"107",771,"Spitz Spring upper","Kaibab NF, Williams RD",35.26135,-111.97436,2130,"anthropogenic",NA,605110352,"6/2/2012","Kyle Paffett and Vera Markgraf","Stevens et al. Level 2",5,787,3,2.14286,3.33542
"108",781,"Stewart Spring","Kaibab NF, Williams RD",35.10677,-112.15804,2129,"hillslope","rheocrene",1523592721,"6/3/2012","Kyle Paffett, Vera Markgraf, Monica Swihart","Stevens et al. Level 2",5,788,6,1.28571,5.14375
"109",330,"Crane Lake","Kaibab NF, North Kaibab RD",36.52992,-112.14908,2605,"limnocrene",NA,550526073,"6/16/2012","Kyle Paffett","Stevens et al. Level 2",6,802,6,2.71429,3.6
"110",952,"Dorens Defeat Spring","Coconino NF, Red Rock RD",34.43473,-111.67352,1315,"rheocrene","limnocrene",2029320006,"11/18/2012","Kyle Paffett","Stevens et al. Level 2",4,804,6,1.71429,3.27917
"111",1064,"Quail Spring","Coconino NF, Red Rock RD",34.37299,-111.69111,1196,"hillslope",NA,1287150415,"11/18/2012","Kyle Paffett and Kyle Chardi","Stevens et al. Level 2",4,805,0,2,1.58333
"112",1022,"Lockwood Spring","Coconino NF, Peaks RD",35.04672,-111.86354,2103,"hillslope","anthropogenic",-1489959196,"8/4/2012","Kyle Paffett, Vera Markgraf, and Quintin Van Dyke","Stevens et al. Level 2",5,806,2,2.28571,2.79792
"113",941,"Cottonwood Spring","Coconino NF, Red Rock RD",34.48753,-111.77072,951,"rheocrene",NA,-1261498859,"8/5/2012","Kyle Paffett, Gerald Higa, and Vera Markgraf","Stevens et al. Level 2",2,807,6,1.85714,1.3
"114",1035,"Mesquite Spring","Coconino NF, Red Rock RD",34.48673,-111.76822,951,"rheocrene",NA,-1421060174,"8/5/2012","Kyle Paffett, Vera Markgraf, and Gerald Higa","Stevens et al. Level 2",2,808,6,1.85714,1.3
"115",1033,"Meadow Spring","Coconino NF, Mogollon Rim RD",34.42899,-111.15686,2247,"helocrene","hillslope",1371834343,"6/19/2013","Kyle Paffett, Spencer Harris, and Tom Runyon","Stevens et al. Level 2",6,828,4,2.71429,3.1375
"116",1006,"Kelly Seep","Coconino NF, Mormon Lake RD",35.06089,-111.68892,2024,"helocrene",NA,1372265002,"6/17/2013","Kyle Paffett and Spencer Harris","Stevens et al. Level 2",6,831,5,3.14286,2.975
"117",1137,"Winter Cabin Spring","Coconino NF, Red Rock RD",34.68481,-111.76958,1104,"rheocrene",NA,-564726680,"6/17/2013","Kyle Paffett and Spencer Harris","Stevens et al. Level 2",2,832,4,2.28571,2.13958
"118",906,"Billy Back Spring","Coconino NF, Mormon Lake RD",35.01722,-111.34902,2158,"hillslope","rheocrene",1188980297,"6/14/2013","Kyle Paffett, Krista Sparks, and Spencer Harris","Stevens et al. Level 2",6,833,6,2.14286,2.95208
"119",1140,"Yellow Jacket Spring Elliott Canyon","Coconino NF, Mormon Lake RD",35.02525,-111.36373,2153,"hillslope",NA,1372279618,"6/14/2013","Kyle Paffett, Krista Sparks, and Spencer Harris","Stevens et al. Level 2",7,834,3,2.42857,2.9125
"120",892,"Ashurst Spring","Coconino NF, Mormon Lake RD",35.02513,-111.38097,2149,"hillslope",NA,1372694922,"6/14/2013","Kyle Paffett, Krista Sparks, and Spencer Harris","Stevens et al. Level 2",7,838,4,2.42857,3.29375
"121",976,"Free Spring","Coconino NF, Mormon Lake RD",34.86942,-111.5004,2209,"helocrene",NA,-856583480,"6/13/2013","Kyle Paffett, Krista Sparks, and Spencer Harris","Stevens et al. Level 2",5,840,2,2.57143,2.2625
"122",1044,"Mud Spring Mormon Mountain","Coconino NF, Mormon Lake RD",34.95943,-111.54402,2330,"limnocrene",NA,-631866071,"6/13/2013","Kyle Paffett, Krista Sparks, and Spencer Harris","Stevens et al. Level 2",5,841,2,3.14286,2.30833
"123",1067,"Railroad Spring","Coconino NF, Mormon Lake RD",34.87473,-111.45102,2202,"hillslope",NA,1390859830,"6/12/2013","Kyle Paffett, Krista Sparks, Spencer Harris, and Vera Markgraf","Stevens et al. Level 2",6,842,2,2.85714,3.20417
"124",1122,"Wallace Spring","Coconino NF, Mormon Lake RD",34.92473,-111.49152,2229,"helocrene",NA,1372701556,"6/28/2013","Kyle Paffett, Krista Sparks, Spencer Harris, and Vera Markgraf","Stevens et al. Level 2",4,845,0,2.42857,1.78542
"125",1023,"Lockwood Spring","Coconino NF, Mormon Lake RD",34.97443,-111.49292,2264,"hillslope",NA,1887015781,"6/28/2013","Kyle Paffett, Krista Sparks, Spencer Harris, and Vera Markgraf","Stevens et al. Level 2",2,846,1,2.85714,1.29792
"126",749,"Holloway Spring","Kaibab NF, Williams RD",35.11202,-112.08806,2100,"helocrene",NA,-1609849150,"6/27/2013","Kyle Paffett, Krista Sparks, Spencer Harris, and Vera Markgraf","Stevens et al. Level 2",6,848,1,2.42857,2.8625
"127",1002,"Jack Smith Spring","Coconino NF, Peaks RD",35.34522,-111.64766,2929,"helocrene",NA,-675034504,"6/6/2013","Kyle Paffett, Krista Sparks, and Spencer Harris","Stevens et al. Level 2",2,849,0,4,0.35
"128",1347,"Dry Lake Hills Pond","Coconino NF, Peaks RD",35.26775,-111.63409,2499,"limnocrene",NA,-547580570,"6/7/2013","Kyle Paffett, Krista Sparks, and Spencer Harris","Stevens et al. Level 2",4,851,2,2.85714,2.75625
"129",766,"Many Snakes Spring","Kaibab NF, Williams RD",35.10909,-112.23399,1990,"limnocrene","rheocrene",1372705627,"6/27/2013","Kyle Paffett, Krista Sparks, Spencer Harris, and Vera Markgraf","Stevens et al. Level 2",4,852,6,2,3.64375
"130",804,"Orion Spring","Coconino NF, Peaks RD",35.29016,-111.63722,2498,"hillslope","rheocrene",1291839215,"6/7/2013","Kyle Paffett, Krista Sparks, and Spencer Harris","Stevens et al. Level 2",2,853,1,3.57143,1.00833
"131",889,"Alto Spring","Coconino NF, Peaks RD",35.37753,-111.62062,2436,"hillslope",NA,-1019850236,"6/10/2013","Kyle Paffett and Spencer Harris","Stevens et al. Level 2",2,855,3,2.71429,1.63333
"132",1105,"Taylor Spring","Coconino NF, Mogollon Rim RD",34.4635,-111.17946,2270,"hillslope","rheocrene",-136317695,"6/26/2013","Kyle Paffett, Spencer Harris, Tom Bean, Krista Sparks and Vera Markgraf (veg. survey 7/11/13)","Stevens et al. Level 2",8,856,4,2.71429,3.2375
"133",1003,"Jack Smith Spring Number Two","Coconino NF, Peaks RD",35.35751,-111.59963,2389,"rheocrene",NA,-1959001419,"6/10/2013","Kyle Paffett and Spencer Harris","Stevens et al. Level 2",4,857,6,2.14286,2.03542
"134",966,"Fleishman Spring","Coconino NF, Mogollon Rim RD",34.47323,-111.17977,2234,"hillslope","hanging garden",-1011026130,"6/26/2013","Kyle Paffett, Spencer Harris, Tom Bean, Krista Sparks, and Vera Markgraf (Vegetation survey 7/11/2013)","Stevens et al. Level 2",6,858,6,2.42857,3.5375
"135",1014,"Leopard Frog Spring","Coconino NF, Mogollon Rim RD",34.45205,-111.15308,2273,"hillslope",NA,608820203,"6/4/2013","Kyle Paffett, Krista Sparks, and Spencer Harris","Stevens et al. Level 2",6,860,5,2.85714,3.59167
"136",1116,"Twin Tanks","Coconino NF, Mogollon Rim RD",34.43588,-111.17643,2347,"hillslope",NA,-2013827055,"6/11/2013","Kyle Paffett, Krista Sparks, Spencer Harris, and Vera Markgraf","Stevens et al. Level 2",7,862,4,2.57143,3.06042
"137",939,"Cornlily Spring","Coconino NF, Mogollon Rim RD",34.43843,-111.17411,2330,"hillslope","rheocrene",-1536296706,"6/11/2013","Kyle Paffett, Krista Sparks, Spencer Harris, and Vera Markgraf","Stevens et al. Level 2",7,864,4,2.42857,3.13125
"138",955,"Double Springs (East)","Coconino NF, Mormon Lake RD",34.94106,-111.49433,2206,"hillslope",NA,-389710051,"6/25/2013","Kyle Paffett, Krista Sparks, and Spencer Harris","Stevens et al. Level 2",6,865,4,2.85714,2.9125
"139",887,"Allan Lake East","Coconino NF, Mormon Lake RD",34.8327,-111.43991,2274,"helocrene","limnocrene",2122905767,"6/12/2013","Kyle Paffett, Krista Sparks, Spencer Harris, and Vera Markgraf","Stevens et al. Level 2",6,866,2,2.71429,3.35625
"140",1121,"Van Deren Spring","Coconino NF, Mormon Lake RD",34.83563,-111.44602,2282,"helocrene",NA,1949941596,"6/12/2013","Kyle Paffett, Krista Sparks, Spencer Harris, and Vera Markgraf","Stevens et al. Level 2",5,867,1,3.14286,3.08125
"141",954,"Double Springs (West)","Coconino NF, Mormon Lake RD",34.94125,-111.49434,2190,"hillslope",NA,1361798682,"6/25/2013","Kyle Paffett, Krista Sparks, and Spencer Harris","Stevens et al. Level 2",5,868,4,2.85714,2.6375
"142",946,"Dairy Spring","Coconino NF, Mormon Lake RD",34.95378,-111.48179,2166,"hillslope","anthropogenic",-958640493,"6/25/2013","Kyle Paffett, Krista Sparks, and Spencer Harris","Stevens et al. Level 2",6,869,2,3,3.06458
"143",964,"Fisher Point Unnamed","Coconino NF, Peaks RD",35.16261,-111.58643,2124,NA,NA,1372872154,"6/24/2013","Kyle Paffett, Krista Sparks, and Spencer Harris","Stevens et al. Level 2",1,871,1,2.85714,1.04792
"144",962,"End of Trail","Coconino NF, Mormon Lake RD",35.13293,-111.4573,2039,"rheocrene",NA,-645226600,"6/20/2013","Kyle Paffett and Spencer Harris","Stevens et al. Level 2",2,873,1,2.71429,0.99792
"145",902,"Big Clearing","Coconino NF, Mormon Lake RD",35.12075,-111.4172,1977,"rheocrene",NA,-1228890695,"6/20/2013","Kyle Paffett and Spencer Harris","Stevens et al. Level 2",2,874,1,2.85714,1.02917
"146",884,"58 Tank","Coconino NF, Mogollon Rim RD",34.73161,-111.35477,2175,"rheocrene",NA,1373907975,"7/10/2013","Krista Sparks, Kyle Paffett, Spencer Harris, and Vera Markgraf","Stevens et al. Level 2",4,875,1,2.14286,1.69167
"147",963,"Fain Spring","Coconino NF, Mormon Lake RD",34.81879,-111.52392,2159,"helocrene",NA,1374079523,"6/21/2012","Kyle Paffett, Vera Markgraf, and Quintin Van Dyke","Stevens et al. Level 2",6,878,4,2.28571,3.95417
"148",576,"Black Bear Spring","Coconino NF, Mogollon Rim RD",34.44736,-111.16426,2278,"hillslope","helocrene",-655558104,"6/19/2013","Kyle Paffett, Krista Sparks, Spencer Harris, Vera Markgraf, and Tom Runyon","Stevens et al. Level 2",7,879,4,2,3.78958
"149",975,"Fred Haught Spring","Coconino NF, Mogollon Rim RD",34.4879,-111.2244,2127,"limnocrene","rheocrene",1015741023,"7/12/2013","Kyle Paffett, Krista Sparks, Vera Markgraf, and Abe Springer","Stevens et al. Level 2",5,881,5,1.85714,3.65208
"150",1150,"Willow Spring","Coconino NF, Mogollon Rim RD",34.46698,-111.27399,2196,"hanging garden",NA,2115984564,"7/12/2013","Kyle Paffett, Krista Sparks, Vera Markgraf, and Abe Springer","Stevens et al. Level 2",3,882,6,1.71429,2.79375
"151",891,"Ashurst Run Unnamed","Coconino NF, Mormon Lake RD",34.94183,-111.4219,2210,"limnocrene",NA,1376943028,"7/23/2013","Kyle Paffett, Krista Sparks, Spencer Harris, and Vera Markgraf","Stevens et al. Level 2",6,893,1,3.71429,2.73542
"152",1060,"Phroney Spring","Coconino NF, Red Rock RD",34.44083,-111.69431,1243,"rheocrene",NA,1376950578,"7/18/2013","Kyle Paffett, Krista Sparks, Spencer Harris, and Vera Markgraf","Stevens et al. Level 2",3,895,2,2.57143,2.23542
"153",1344,"Little 44 Spring","Coconino NF, Mogollon Rim RD",34.48421,-111.3715,2179,"hillslope",NA,1377540356,"7/22/2013","Kyle Paffett, Spencer Harris, and Vera Markgraf","Stevens et al. Level 2",5,896,6,2.57143,3.14792
"154",690,"Bear Spring lower","Kaibab NF, North Kaibab RD",36.3694,-112.175,2658,"helocrene",NA,1378748943,"8/6/2013","Krista Sparks, Spencer Harris, and Kyle Paffett","Stevens et al. Level 2",7,919,5,2.57143,3.42292
"155",691,"South Big Spring Tank","Kaibab NF, North Kaibab RD",36.35354,-112.18317,2607,"limnocrene","anthropogenic",1205943972,"8/6/2013","Krista Sparks, Kyle Paffett, and Spencer Harris","Stevens et al. Level 2",4,921,1,2.71429,2.42917
"156",814,"Slide Spring north","Kaibab NF, North Kaibab RD",36.66369,-112.56587,1530,"rheocrene","limnocrene",1977572053,"8/3/2013","Krista Sparks, Kyle Paffett, and Spencer Harris","Stevens et al. Level 2",5,922,6,1.28571,3.67083
"157",894,"Babes Hole Spring","Coconino NF, Peaks RD",35.0727,-111.93971,1807,"rheocrene",NA,-661032693,"8/8/2013","Krista Sparks and Spencer Harris","Stevens et al. Level 2",5,925,3,2.14286,3.79375
"158",1007,"Kelsey Spring","Coconino NF, Peaks RD",35.07562,-111.93514,1936,"rheocrene","helocrene",977846512,"8/8/2013","Krista Sparks and Spencer Harris","Stevens et al. Level 2",5,926,2,2.14286,3.56667
"159",979,"Geronimo Spring","Coconino NF, Peaks RD",35.07751,-111.94701,1628,"hillslope","rheocrene",673286705,"8/8/2013","Krista Sparks and Spencer Harris","Stevens et al. Level 2",5,927,4,2,3.84375
"160",695,"Lower Two Springs 1","Kaibab NF, North Kaibab RD",36.36721,-112.30742,2316,"rheocrene",NA,-1867292676,"8/6/2013","Krista Sparks, Kyle Paffett, and Spencer Harris","Stevens et al. Level 2",6,930,6,1.42857,3.82292
"161",583,"Mangum 4 Springs","Kaibab NF, North Kaibab RD",36.62289,-112.34109,2183,"gushet",NA,-1429977267,"8/4/2013","Krista Sparks, Kyle Paffett, and Spencer Harris","Stevens et al. Level 2",5,931,4,2.42857,3.91458
"162",634,"Mangum 2 Springs","Kaibab NF, North Kaibab RD",36.62328,-112.34172,2167,"hanging garden","mound-form",1859106442,"8/4/2013","Krista Sparks, Kyle Paffett, and Spencer Harris","Stevens et al. Level 2",7,933,6,1.85714,3.56042
"163",606,"Willow Spring","Kaibab NF, North Kaibab RD",36.71097,-112.52975,1462,"rheocrene",NA,-1340189326,"8/2/2013","Krista Sparks, Kyle Paffett, and Spencer Harris","Stevens et al. Level 2",5,936,5,1.28571,3.9125
"164",1096,"Strahan Spring","Coconino NF, Peaks RD",35.08209,-111.92415,1947,"hillslope","rheocrene",-2010360320,"8/26/2013","Krista Sparks and Spencer Harris","Stevens et al. Level 2",6,946,6,1.14286,4.13125
"165",271,"Big Spring","Kaibab NF, North Kaibab RD",36.60225,-112.3489,2150,"hanging garden","anthropogenic",1381341749,"8/30/2013","Glenn Rink, Jeri Ledbetter, Larry Stevens, and Marguerite Hendrie","Stevens et al. Level 2",9,970,3,2.875,4.30769
"166",787,"Lower Jumpup Spring below","Kaibab NF, North Kaibab RD",36.53059,-112.58656,1195,"limnocrene","rheocrene",1065999650,"10/5/2013","Krista Sparks, Spencer Harris, Graham Schindel, and Vaden Aldridge","Stevens et al. Level 2",4,973,6,2.14286,3.09375
"167",794,"Kwagunt Hollow Zen Spring","Kaibab NF, North Kaibab RD",36.50922,-112.575,1128,"hanging garden","rheocrene",644377339,"10/4/2013","Krista Sparks, Spencer Harris, Graham Schindel, Vaden Aldridge","Stevens et al. Level 2",4,974,6,2,4.41875
"168",798,"Cottonwood Cienega","Kaibab NF, North Kaibab RD",36.52286,-112.53591,1346,"helocrene","rheocrene",-1847405151,"10/5/2013","Krista Sparks, Spencer Harris, Graham Schindel, Vaden Aldridge","Stevens et al. Level 2",4,976,6,2.14286,4.59167
"169",455,"Jumpup Lower Spring","Kaibab NF, North Kaibab RD",36.53189,-112.58763,1212,"rheocrene",NA,1947087694,"10/5/2013","Krista Sparks, Spencer Harris, Graham Schindel, Vaden Aldridge","Stevens et al. Level 2",4,977,6,2.14286,3.86875
"170",665,"Cottonwood Spring Lower Spring","Kaibab NF, North Kaibab RD",36.521,-112.53052,1403,"rheocrene",NA,-166258505,"10/5/2013","Krista Sparks, Spencer Harris, Graham Schindel, Vaden Aldridge","Stevens et al. Level 2",4,978,6,2.14286,4.50833
"171",818,"Lower Forgotten Canyon Spring","Kaibab NF, North Kaibab RD",36.49048,-112.57429,1187,"hanging garden","rheocrene",-586956244,"10/4/2013","Krista Sparks, Spencer Harris, Graham Schindel, and Vaden Aldridge","Stevens et al. Level 2",4,979,6,2.14286,4.19583
"172",936,"Big Spring","Coconino NF, Red Rock RD",34.54136,-111.62293,1280,"hillslope",NA,-1854014925,"9/21/2013","Krista Sparks, and Spencer Harris","Stevens et al. Level 2",5,982,5,1.42857,3.89792
"173",734,"Indian Spring","Kaibab NF, Williams RD",35.03833,-112.20604,1782,"rheocrene",NA,-1884369672,"8/30/2013","Krista Sparks and Vera Markgraf","Stevens et al. Level 2",3,983,6,1.42857,3.87708
"174",1099,"Sycamore Canyon fork Unnamed","Coconino NF, Red Rock RD",34.45863,-111.71901,1095,"rheocrene",NA,-1277110375,"9/6/2013","Krista Sparks and Graham Schindel","Stevens et al. Level 2",5,984,6,2.14286,3.63958
"175",1103,"Sycamore Spring Hackberry Mountain","Coconino NF, Red Rock RD",34.48283,-111.69512,1243,"hillslope",NA,1232690150,"9/6/2013","Krista Sparks and Graham Schindel","Stevens et al. Level 2",3,985,6,2,2.1625
"176",1298,"Pine Flat Spring","Coconino NF, Red Rock RD",35.0111,-111.73723,1695,"rheocrene","hillslope",-728335563,"7/19/2013","Krista Sparks, Spencer Harris, and Quintin Van Dyk","Stevens et al. Level 2",6,988,2,3.57143,3.12292
"177",896,"Banfield Spring","Coconino NF, Mogollon Rim RD",34.65101,-111.45337,2070,"helocrene",NA,981141611,"7/10/2013","Kyle Paffett, Krista Sparks, Spencer Harris, and Vera Markgraf","Stevens et al. Level 2",6,990,2,2.85714,3.4
"178",933,"Clark Well","Coconino NF, Mormon Lake RD",35.06712,-111.57964,2108,"helocrene","anthropogenic",351313104,"7/17/2013","Krista Sparks and Spencer Harris","Stevens et al. Level 2",4,991,1,3,2.72917
"179",967,"Fortyfour Spring","Coconino NF, Mogollon Rim RD",34.48503,-111.37181,2163,"rheocrene",NA,-13733743,"7/22/2013","Kyle Paffett, Spencer Harris, and Vera Markgraf","Stevens et al. Level 2",5,992,3,3.28571,3.24583
"180",147,"Summer Spring","Coconino NF, Red Rock RD",34.88062,-112.06635,1099,"hillslope",NA,-1551102082,"7/26/2013","Kyle Paffett, Krista Sparks, and Vera Markgraf","Stevens et al. Level 2",5,993,6,2.42857,3.78125
"181",162,"Clover Spring West","Coconino NF, Mogollon Rim RD",34.50596,-111.36258,2089,"hillslope","anthropogenic",2131356967,"7/22/2013","Kyle Paffett, Spencer Harris, and Vera Markgraf","Stevens et al. Level 2",4,994,2,3.42857,2.87708
"182",1083,"Scott Spring","Coconino NF, Mormon Lake RD",35.02612,-111.72134,2014,"hillslope",NA,110082524,"7/19/2013","Krista Sparks, Spencer Harris, and Quintin Van Dyk","Stevens et al. Level 2",2,995,2,2.57143,1.35625
"183",926,"Chalk Point Spring","Coconino NF, Red Rock RD",34.53943,-111.63931,1440,"hillslope",NA,408149639,"10/10/2013","Krista Sparks and Vera Markgraf","Stevens et al. Level 2",5,1002,6,1.42857,4.13958
"184",1042,"Mortgage Spring","Coconino NF, Mormon Lake RD",35.03722,-111.70964,1961,"rheocrene",NA,135537677,"6/24/2013","Kyle Paffett, Krista Sparks, and Spencer Harris","Stevens et al. Level 2",2,1003,5,2.71429,1.95625
"185",308,"Big Sowats Spring","Kaibab NF, North Kaibab RD",36.52332,-112.45528,1828,"hanging garden",NA,1340136531,"6/14/2012","Jeri Ledbetter, Kyle Paffett, Glenn Rink, Anya Fayfer, Ariel Leonard, Dan Taylor, and Larry Stevens","Stevens et al. Level 2",9,392,6,1.375,4.41875
"186",1115,"Turkey Seep","Coconino NF, Mogollon Rim RD",34.72948,-111.11132,1958,"rheocrene",NA,179416183,"8/3/2012","Kyle Paffett and Vera Markgraf","Stevens et al. Level 2",2,588,6,1.28571,2.61875
"187",1135,"Wingfield Corral","Coconino NF, Mogollon Rim RD",34.68438,-111.3547,2073,"hillslope","helocrene",-1580774925,"6/20/2012","Kyle Paffett and Tom Bean","Stevens et al. Level 2",3,592,2,3.28571,1.03571
"188",1151,"Yellow Jacket Spring","Coconino NF, Mogollon Rim RD",34.73994,-111.41799,2275,"helocrene",NA,-346968743,"6/20/2012","Kyle Paffett and Tom Bean","Stevens et al. Level 2",3,595,0,5.16667,0.75
"189",429,"Hi Fuller Spring","Coconino NF, Mogollon Rim RD",34.47114,-111.26112,2216,"helocrene",NA,1373916431,"7/12/2013","Krista Sparks, Kyle Paffett, Vera Markgraf, and Abe Springer","Stevens et al. Level 2",7,877,2,2.71429,3.96042
"190",1171,"Devils Head Spring","Coconino NF, Peaks RD",35.24713,-111.62849,2251,"cave",NA,518130838,"6/7/2013","Kyle Paffett, Krista Sparks, and Spencer Harris","Stevens et al. Level 2",5,880,6,2.14286,3.6125
"191",983,"Grapevine Spring","Coconino NF, Mogollon Rim RD",34.85841,-111.26418,2125,"hillslope",NA,1902343845,"7/23/2013","Kyle Paffett, Krista Sparks, Spencer Harris, and Vera Markgraf","Stevens et al. Level 2",6,894,6,1.85714,4.10625
"192",1118,"Wet Beaver Creek middle Unnamed","Coconino NF, Red Rock RD",34.68817,-111.57667,1559,"hanging garden",NA,-2024976226,"8/11/2013","Krista Sparks and Spencer Harris","Stevens et al. Level 2",7,928,6,1.57143,4.09375
"193",1136,"Winter Cabin Spring","Coconino NF, Peaks RD",35.03272,-111.93503,1908,"hillslope",NA,-796581945,"8/12/2013","Krista Sparks, Spencer Harris","Stevens et al. Level 2",6,929,3,3,3.5625
"194",914,"Buckhorn Ranch Unnamed","Coconino NF, Mogollon Rim RD",34.58827,-111.52102,1752,"hillslope",NA,-203609042,"7/31/2013","Krista Sparks and Spencer Harris","Stevens et al. Level 2",3,948,1,2.57143,1.76875
"195",907,"Black Spring","Coconino NF, Peaks RD",35.13262,-111.68938,2132,"hillslope",NA,358958674,"7/17/2013","Krista Sparks and Spencer Harris","Stevens et al. Level 2",6,989,2,3.85714,2.70625
"196",740,"Fues Spring","Kaibab NF, Williams RD",35.29862,-112.14101,2075,NA,NA,2146221029,"5/26/2014","A Prescott College Class, Jeri Ledbetter, Larry Stevens, Glenn Rink, and Mason Stansfield","Stevens et al. Level 2",9,1292,1,3.3,1.9
"197",423,"Dora Springs","Coconino NF, Mogollon Rim RD",34.42997,-111.15329,2313,"hillslope",NA,1259645978,"11/10/2009","Larry Stevens, FALA students","Stevens et al. Level 2",10,86,3,3,3.16065
"198",411,"Merritt Springs","Coconino NF, Mogollon Rim RD",34.4529,-111.18319,2274,"hillslope","helocrene",1251496342,"8/22/2009","Larry Stevens, Jeri Ledbetter, Valerie Hallam, Julaire Scott","Stevens et al. Level 2",10,87,5,1.875,4.43889
"199",465,"Jumpup Spring","Kaibab NF, North Kaibab RD",36.5806,-112.54759,1548,"hanging garden",NA,1760778913,"5/21/2011","Glenn Rink, Jeri Ledbetter, Melissa Schaar, and Doug Miller","Stevens et al. Level 2",10,218,2,1.875,4.49954
"200",673,"Lookout Lakes","Kaibab NF, North Kaibab RD",36.46513,-112.18661,2668,"limnocrene",NA,-534504279,"6/25/2011","Larry Stevens, Glenn Rink, Jeri Ledbetter, Frank Romaglia, Lisa Schaller, Victoria Hermosillo, and Andrea Hazelton","Stevens et al. Level 2",10,227,6,2.5,4.41458
"201",762,"Dry Park Lake","Kaibab NF, North Kaibab RD",36.41951,-112.23351,2553,"limnocrene",NA,-96399923,"6/28/2011","Jeri Ledbetter, Dave Kreamer, and Victoria Hermosilla","Stevens et al. Level 2",10,291,5,2.75,3.68125
"202",757,"Lockett Spring","Kaibab NF, Williams RD",35.14878,-112.15251,2159,"helocrene","anthropogenic",1337452832,"5/7/2012","Larry Stevens, Jeri Ledbetter, and Anya Fayfer","Stevens et al. Level 2",9,341,2,4.125,3.70208
"203",373,"Castle Spring","Kaibab NF, North Kaibab RD",36.58623,-112.34149,2195,"hillslope","hanging garden",1339688063,"6/13/2012","Larry Stevens, Glenn Rink, Jeri Ledbetter, Ariel Leonard, Kyle Paffett, Anya Fayfer, and Kumi Isobe","Stevens et al. Level 2",10,384,2,3.875,2.93958
"204",765,"Hat Tank lower","Kaibab NF, Williams RD",35.09281,-112.17659,2036,"rheocrene",NA,-281321730,"6/3/2012","Kyle Paffett, Vera Markgraf","Stevens et al. Level 2",6,789,6,1.85714,4.24405
"205",1072,"Riordan Overpass","Coconino NF, Peaks RD",35.19553,-111.71963,2194,"rheocrene","anthropogenic",1158618625,"8/26/2013","Krista Sparks, Spencer Harris","Stevens et al. Level 2",4,947,1,4.66667,1.61905
"206",717,"Aconitum unnamed springs","Kaibab NF, North Kaibab RD",36.39966,-112.08085,2359,"hillslope",NA,1340219602,"6/17/2012","Larry Stevens, Jeri Ledbetter, Glenn Rink, Kyle Paffett, Anya Fayfer, and Kumi Isobe.","Stevens et al. Level 2",9,396,6,2,4.85
"207",1047,"Munds Spring","Coconino NF, Mormon Lake RD",34.92063,-111.5717,2110,"helocrene","limnocrene",1366389016,"6/22/2012","Kyle Paffett, Jen Williams, and Vera Markgraf","Stevens et al. Level 2",3,757,0,4.2,1.0375
"208",1000,"Iowa Camp Spring","Coconino NF, Mormon Lake RD",34.89512,-111.42522,2256,"hillslope",NA,1366647561,"8/8/2012","Kyle Paffett, Vera Markgraf, and Gerald Higa","Stevens et al. Level 2",3,779,1,3.14286,1.275
"209",925,"Cedar Spring","Coconino NF, Red Rock RD",34.45393,-111.68292,1272,"rheocrene",NA,1668997301,"8/5/2012","Kyle Paffett, Vera Markgraf, and Gerald Higa","Stevens et al. Level 2",6,784,5,1.85714,3.42619
"210",965,"Flagstaff Spring","Coconino NF, Peaks RD",35.33984,-111.66813,3224,"rheocrene",NA,-1279539782,"6/6/2013","Kyle Paffett, Krista Sparks, and Spencer Harris","Stevens et al. Level 2",4,844,0,2.71429,2.24375
"211",1069,"Raspberry Spring","Coconino NF, Peaks RD",35.34135,-111.64864,2966,"rheocrene",NA,-1742283341,"6/6/2013","Kyle Paffett, Krista Sparks, and Spencer Harris","Stevens et al. Level 2",3,847,0,3.28571,2.24375
"212",924,"Cave Spring","Coconino NF, Red Rock RD",34.99853,-111.74056,1663,"anthropogenic",NA,1298824324,"7/19/2013","Krista Sparks, Spencer Harris, and Quintin Van Dyk","Stevens et al. Level 2",4,987,0,4.28571,1.31875
"213",1091,"Snowslide Spring","Coconino NF, Peaks RD",35.3317,-111.67086,3357,"helocrene","rheocrene",1836559287,"9/27/2013","Larry Stevens","Stevens et al. Level 2",9,1014,5,1.5,4.96042
"214",1144,"Little Spring","Coconino NF, Peaks RD",35.37441,-111.72573,2539,"helocrene","anthropogenic",-1355459782,"9/24/2013","Larry Stevens and Jeri Ledbetter","Stevens et al. Level 1",3,1017,3,3.375,3.43333
"215",768,"Mineral Spring","Kaibab NF, Williams RD",35.25188,-111.9994,2124,"helocrene",NA,2146221028,"5/27/2014","Prescott College Springs Ecology Class 2014: Glenn Rink, Jeri Ledbetter, and Larry Stevens","Stevens et al. Level 2",10,1223,1,3,3.1
"216",750,"Campbell Spring","Kaibab NF, Williams RD",35.15014,-112.23558,1985,"rheocrene",NA,2146221085,"6/21/2014","Larry Stevens, Glenn Rink and Jeri Ledbetter","Stevens et al. Level 2",10,1291,5,1.6,4.1
"217",717,"Aconitum unnamed springs","Kaibab NF, North Kaibab RD",36.39966,-112.08085,2359,"hillslope",NA,-816787537,"6/28/2000","LE Stevens and Zeke Lauck","Stevens/NPS 2000",9,108,6,1.375,4.93651
"218",430,"General Springs","Coconino NF, Mogollon Rim RD",34.45948,-111.24992,2192,"helocrene","rheocrene",1259639552,"9/21/2009","Jeri Ledbetter, Eric North, RJ Johnson, and Denise Hudson","Stevens et al. Level 2",10,65,4,2.875,3.2588
"219",759,"Laws Spring","Kaibab NF, Williams RD",35.4265,-112.06653,2067,"limnocrene","rheocrene",2146221027,"5/26/2014","Larry Stevens, Jeri Ledbetter, Glenn Rink, Jeff Glessing, Lance Murray, Lucky Thomas, Mason Stansfield, Julie Polovitch, and Andy Gosnell","Stevens/GDE hybrid",10,1224,6,1.7,4.3
"220",796,"Upper Sowats Seep","Kaibab NF, North Kaibab RD",36.52293,-112.57188,1107,"hanging garden",NA,335507350,"5/22/2009","K Watters, C Albano, and B Kluwin","Stevens/NPS 2000",7,137,6,2,5.06111
"221",795,"Lower Sowats Seep","Kaibab NF, North Kaibab RD",36.5204,-112.57558,1084,"hanging garden",NA,-1178355703,"5/22/2009","K. Watters, B. Kluwin, and C. Albano","Stevens/NPS 2000",8,138,6,1.75,4.90139
"222",660,"Unnamed Spring 8","Kaibab NF, North Kaibab RD",36.54585,-112.51803,1410,"hanging garden",NA,-868991875,"5/19/2009","D. Burger, C Albano, and K. Watters","Stevens/NPS 2000",8,141,6,2,4.92222
"223",661,"White Spring","Kaibab NF, North Kaibab RD",36.54295,-112.52686,1390,"hillslope",NA,-345768264,"5/19/2009","C. Albano, D. Burger, and K. Watters","Stevens/NPS 2000",7,142,6,1.25,5.02639
"224",701,"Locust Spring","Kaibab NF, North Kaibab RD",36.40003,-112.28603,2452,"helocrene",NA,1298994777,"7/30/2010","C. Albano, G. Rink, J. Spence, B. Phillips, and K. Willard","Stevens/NPS 2000",9,194,4,3.25,3.05
"225",421,"Upper Buck Spring High","Coconino NF, Mogollon Rim RD",34.42189,-111.14828,2348,"hillslope",NA,1259994597,"9/12/2009","Jeri Ledbetter, Eric North, Valerie Hallam, Christina Davis, Julaire Scott","Stevens et al. Level 2",10,71,4,2.75,2.97917
"226",427,"Hidden Spring","Coconino NF, Mogollon Rim RD",34.43917,-111.18326,2309,"hillslope","rheocrene",-910058349,"10/10/2009","Larry Stevens, Jeri Ledbetter, Phoebe Stevens, Rosemary, FALA students","Stevens et al. Level 2",10,79,5,2,4.02917
"227",898,"Bear Paw Spring","Coconino NF, Peaks RD",35.34215,-111.65969,3038,NA,NA,-1559757009,"9/27/2013","Larry Stevens","Stevens et al. Level 1",2,1072,1,3.5,1.5875
"228",1019,"Little Elden Spring","Coconino NF, Peaks RD",35.27691,-111.57934,2190,"hillslope","limnocrene",2146244287,"5/19/2016","SSI Staff and Workshop Participants","Stevens et al. Level 1",8,1450,4,2.4,4.2
"229",416,"Cliffside Springs","Coconino NF, Mogollon Rim RD",34.43658,-111.18538,2307,"hillslope",NA,1255471979,"9/13/2009","Valerie Hallam, Jeri Ledbetter, Eric North, Christina Davis","Stevens et al. Level 2",9,66,5,1.42857,3.6045
"230",425,"Moonshine Spring","Coconino NF, Mogollon Rim RD",34.47765,-111.14077,2206,"helocrene",NA,1260756476,"9/19/2009","Jeri Ledbetter, Eric North, RJ Johnson, Karissa Ramstead, Valerie Hallam, Denise Hudson","Stevens et al. Level 2",8,72,5,2,3.16415
"231",392,"Dane Spring","Coconino NF, Mogollon Rim RD",34.4671,-111.14948,2178,"hillslope","anthropogenic",1247294598,"7/7/2009","Jeri Ledbetter, Aryn LaBrake, and Virginia Igoe","Stevens et al. Level 2",8,74,2,3,3.22407
"232",424,"Morningcloak Springs","Coconino NF, Mogollon Rim RD",34.43431,-111.16117,2314,"hillslope",NA,-1954228068,"9/20/2009","Jeri Ledbetter, Eric North, RJ Johnson, Denise Hudson","Stevens et al. Level 2",10,76,5,2,3.88981
"233",437,"Coyote Spring","Coconino NF, Mogollon Rim RD",34.44445,-111.15651,2283,"helocrene","hillslope",1258690002,"9/19/2009","Jeri Ledbetter, Eric North, RJ Johnson, Valerie Hallam, Denise Hudson, and Karissa Davis","Stevens et al. Level 2",9,77,3,2.5,3.86759
"234",607,"Typha Unnamed Spring","Kaibab NF, North Kaibab RD",36.65813,-112.56572,1408,"hillslope",NA,2048592160,"5/19/2011","Glenn Rink, Jeri Ledbetter, and Melissa Schaar","Stevens et al. Level 2",9,217,6,1.42857,4.3875
"235",439,"Royal Bull Springs","Coconino NF, Mogollon Rim RD",34.43286,-111.16082,2312,"hillslope",NA,1261928167,"9/20/2009","Jeri Ledbetter, Eric North, RJ Johnson, Denise Hudson","Stevens et al. Level 2",10,75,5,2.14286,4.00053
"236",432,"Lockwood Spring","Coconino NF, Mogollon Rim RD",34.54811,-111.1417,2098,"exposure",NA,1262010058,"9/18/2009","Jeri Ledbetter, Eric North, RJ Johnson, Valerie Hallam, Denise Hudson, Julaire Scott, Karissa Davis","Stevens et al. Level 2",9,78,6,2,4.59021
"237",428,"McClintock Spring","Coconino NF, Mogollon Rim RD",34.49003,-111.1532,2207,"hypocrene",NA,1262057998,"9/20/2009","Jeri Ledbetter, RJ Johnson, Eric North and Denise Hudson","Stevens et al. Level 2",10,80,3,2.875,3.0037
"238",475,"Lara Springs","Coconino NF, Mogollon Rim RD",34.4671,-111.16785,2249,"hillslope",NA,-277571624,"9/12/2009","Jeri Ledbetter, Eric North, Valerie Hallam, Julaire Scott, Christina Davis","Stevens et al. Level 2",10,89,3,2,3.26944
"239",312,"Quaking Aspen Spring","Kaibab NF, North Kaibab RD",36.37823,-112.28261,2398,"hillslope",NA,1298504657,"7/28/2010","G. Rink, Albano, Phillips, and Willard","Stevens/NPS 2000",8,157,5,2.71429,3.7422
"240",351,"Parissawampitts Spring","Kaibab NF, North Kaibab RD",36.41313,-112.31666,2366,"rheocrene","helocrene",903914113,"7/30/2010","C. Albano, G. Rink, K. Willard, and J. Spence","Stevens/NPS 2000",8,247,2,3.28571,2.82077
"241",310,"Sowats Spring","Kaibab NF, North Kaibab RD",36.52742,-112.45556,1835,"hillslope",NA,558,"7/1/2000","RJ Johnson, Nathan Zorich, and Zeke Lauck","Stevens/NPS 2000",10,299,4,0.57143,4.50265
"242",885,"63 Tank","Coconino NF, Mogollon Rim RD",34.68032,-111.29347,2135,"limnocrene",NA,1404517222,"8/7/2012","Kyle Paffett and Gerald Higa","Stevens et al. Level 2",4,781,1,2.14286,3.5
"243",422,"Upper Buck Spring","Coconino NF, Mogollon Rim RD",34.42603,-111.14771,2313,"hillslope",NA,1259902296,"9/13/2009","Jeri Ledbetter, Eric North, Valerie Hallam, Christina Davis","Stevens et al. Level 2",10,67,2,2.28571,3.04722
"244",393,"West Moonshine Spring","Coconino NF, Mogollon Rim RD",34.48278,-111.14449,2239,"hillslope","rheocrene",-1689402876,"9/19/2009","RJ Johnson, Eric North, Jeri Ledbetter, Valerie Hallam, Denise Hudson, Karissa Ramstead","Stevens et al. Level 2",9,81,5,2.28571,3.5619
"245",308,"Big Sowats Spring","Kaibab NF, North Kaibab RD",36.52332,-112.45528,1828,"hanging garden",NA,556,"7/1/2000","RJ Johnson, Nathan Zorich, and Zeke Lauck","Stevens/NPS 2000",9,114,6,0.14286,4.56323
"246",783,"McDermit Spring","Kaibab NF, Williams RD",35.26869,-111.91345,2200,"helocrene",NA,-1952595448,"8/30/2011","Larry Stevens and Jeri Ledbetter","Stevens et al. Level 2",10,230,1,3.875,2.70625
"247",309,"Sowats Veronica unnamed","Kaibab NF, North Kaibab RD",36.52485,-112.45552,1840,"hillslope",NA,557,"7/1/2000","RJ Johnson, Nathan Zorich, and Zeke Lauck","Stevens/NPS 2000",9,298,6,0,4.67037
"248",310,"Sowats Spring","Kaibab NF, North Kaibab RD",36.52742,-112.45556,1835,"hillslope",NA,-836967340,"6/14/2012","Larry Stevens, Glenn Rink, Jeri Ledbetter, Kyle Paffett, Ariel Leonard, Anya Fayfer, Kumi Isobe, and Dan Tayler","Stevens et al. Level 2",10,385,5,1.5,4.3125
"249",832,"Glenn Rink Spring","Kaibab NF, North Kaibab RD",36.39426,-112.08316,2560,"hillslope","rheocrene",-1590191419,"6/15/2012","Larry Stevens, Jeri Ledbetter, Glenn Rink, Ariel Leonard, Kyle Paffett, Dan Taylor, Kumi Isobe, and Anya Fayfer","Stevens et al. Level 2",10,386,6,1.5,5.16875
"250",17948,"Coconino Fracture","Kaibab NF, North Kaibab RD",36.39948,-112.08437,2499,"hanging garden",NA,-2132605255,"6/17/2012","Kyle Paffett, Larry Stevens, Jeri Ledbetter, Glenn Rink, Anya Fayfer, and Kumi Isobe","Stevens et al. Level 2",9,393,6,1,5.11667
"251",226457,"Homestead Channel Springs","Coconino NF, Mogollon Rim RD",34.4704,-111.28585,2196,"rheocrene",NA,2146245804,"6/24/2017","Jeri Ledbetter, Gloria Hardwick, Glenn Rink, and Melissa Carrillo-Galaviz","Stevens et al. Level 2",10,1779,5,2.3,4.5
"252",776,"East Twin Spring","Kaibab NF, Williams RD",35.16906,-112.21548,2155,"helocrene","anthropogenic",264162954,"8/14/2013","Jeri Ledbetter, Glenn Rink, Marguerite Hendrie, Tom Checknis, and Colton McDavid","Stevens et al. Level 2",8,942,1,3.625,2.32083
"253",745,"Twin Springs","Kaibab NF, Williams RD",35.16832,-112.22494,2130,"anthropogenic","helocrene",1379087124,"8/14/2013","Jeri Ledbetter, Glenn Rink, Marguerite Hendrie, Tom Checknis, and Colton McDavid","Stevens/GDE hybrid",7,943,1,4,2.8
"254",777,"Stage Tank spring","Kaibab NF, Williams RD",35.09551,-112.26913,1977,"rheocrene","limnocrene",-740035963,"8/16/2013","Jeri Ledbetter, Glenn Rink, and Marguerite Hendrie","Stevens et al. Level 2",8,951,6,1.625,4.51042
"255",766,"Many Snakes Spring","Kaibab NF, Williams RD",35.10909,-112.23399,1990,"limnocrene","rheocrene",-751493278,"8/16/2013","Jeri Ledbetter, Glenn Rink, Marguerite Hendrie, and Bill Beaver","Stevens/GDE hybrid",8,952,6,2.1,5
"256",19259,"Hell Canyon Spring","Kaibab NF, Williams RD",35.15263,-112.22294,2015,"rheocrene",NA,1379352302,"8/14/2013","Jeri Ledbetter, Glenn Rink, Marguerite Hendrie, Colton McDavid, and Tom Checknis","Stevens et al. Level 2",10,953,6,1.375,4.37292
"257",19246,"Cane Hanging Garden","Kaibab NF, North Kaibab RD",36.58374,-112.04679,1900,"hanging garden",NA,975429660,"8/28/2013","Larry Stevens, Jeri Ledbetter, Glenn Rink, and Marguerite Hendrie","Stevens et al. Level 2",10,965,5,2,4.21458
"258",707,"Cane Springs north","Kaibab NF, North Kaibab RD",36.58566,-112.04667,1916,"cave","anthropogenic",-291009299,"8/28/2013","Larry Stevens, and Glenn Rink","Stevens et al. Level 2",10,966,2,2.375,4.21875
"259",957,"Doyle Spring","Coconino NF, Peaks RD",35.33191,-111.65994,3139,"hillslope","helocrene",1561303340,"9/27/2013","Larry Stevens","Stevens et al. Level 1",4,1015,3,2.375,3.06042
"260",1019,"Little Elden Spring","Coconino NF, Peaks RD",35.27691,-111.57934,2190,"hillslope","limnocrene",534647800,"7/27/2013","Larry Stevens and Jeri Ledbetter","Stevens et al. Level 2",9,1019,2,2.875,3.36458
"261",769,"Pitman Valley Spring","Kaibab NF, Williams RD",35.24983,-112.03936,2090,"anthropogenic","limnocrene",2146221030,"5/27/2014","Jeri Ledbetter, Lucky Thomas, Jeff Glessing, Andrew Gosnell, Lance Murray, Julie Polovitch, Mason Stansfield, Glenn Rink, and Jenn Chavez","Stevens et al. Level 2",10,1227,3,3.8,2.5
"262",164124,"Metate Tank","Kaibab NF, Williams RD",35.13936,-112.20844,2105,"limnocrene",NA,2146221077,"6/21/2014","Larry Stevens, Glenn Rink, and Jeri Ledbetter","Stevens et al. Level 2",10,1293,2,3.2,3.7
"263",747,"L O Spring","Kaibab NF, Williams RD",35.15335,-111.98434,2041,"helocrene","rheocrene",2146236818,"5/26/2015","Jeri Ledbetter, Larry Stevens, Glenn Rink, Gary Alpert, Molly Joyce, Jenn Chavez, Jeff Jenness and Gloria Hardwick","Stevens et al. Level 2",10,1298,5,1.8,4.7
"264",736,"Rock Spring","Kaibab NF, North Kaibab RD",36.65064,-112.04788,1800,"hanging garden",NA,2146238841,"6/23/2015","Jeri Ledbetter, Molly Joyce, Katie Junghans, and Lance Murray","Stevens/GDE hybrid",10,1379,2,1.6,4.4
"265",691,"South Big Spring Tank","Kaibab NF, North Kaibab RD",36.35354,-112.18317,2607,"limnocrene","anthropogenic",2146238842,"6/24/2015","Jeri Ledbetter, Molly Joyce, Katie Junghans, and Lance Murray","Stevens/GDE hybrid",10,1442,4,2.2,3.7
"266",606,"Willow Spring","Kaibab NF, North Kaibab RD",36.71097,-112.52975,1462,"rheocrene",NA,2146244273,"4/24/2016","Lance Murray","Stevens et al. Level 1",6,1447,5,1.3,5.3
"267",629,"Horse Spring","Kaibab NF, North Kaibab RD",36.65013,-112.57101,1448,"hillslope","rheocrene",2146244274,"4/23/2016","Larry Stevens, Jeri Ledbetter, and Lance Murray","Stevens/GDE hybrid",10,1448,6,1.1,4.9
"268",746,"Dow Spring","Kaibab NF, Williams RD",35.15499,-111.98573,2058,"hillslope","rheocrene",2146244285,"5/13/2016","Jeri Ledbetter, Gloria Hardwick, Jenn Chavez, and Courtney McDaniel","Stevens et al. Level 2",9,1455,3,1.8,4.5
"269",181940,"Virgins Bower","Kaibab NF, North Kaibab RD",36.70816,-112.52567,1510,"hillslope","hanging garden",2146244276,"4/24/2016","Larry Stevens, Jeri Ledbetter, and Lance Murray","Stevens/GDE hybrid",10,1456,6,0.6,5.2
"270",1023,"Lockwood Spring","Coconino NF, Mormon Lake RD",34.97443,-111.49292,2264,"hillslope",NA,2146244607,"9/7/2016","Emily Thompson, Sue Ordway, Irene Hamilton, and Chantel Cook","Stevens et al. Level 2",3,1521,0,1.9,1.6
"271",805,"Babbitt Spring","Coconino NF, Mormon Lake RD",35.06692,-111.53853,2107,"rheocrene","hillslope",2146244609,"9/6/2016","Emily Thompson, Sue Ordway, and Irene Hamilton","Stevens et al. Level 2",9,1524,4,3.6,3.2
"272",764,"Hat Tank upper","Kaibab NF, Williams RD",35.0955,-112.1707,2065,"rheocrene","hillslope",2146244615,"9/8/2016","Emily Thompson, Cathy Morin, Sue Ordway, and Diane Meuser","Stevens et al. Level 2",4,1528,3,4,2.8
"273",1108,"Thomas Spring","Coconino NF, Mormon Lake RD",35.03722,-111.60742,2235,"hillslope","helocrene",2146244617,"9/6/2016","Emily Thompson, Sue Ordway, and Irene Hamilton","Stevens et al. Level 2",2,1530,0,2,0.7
"274",954,"Double Springs (West)","Coconino NF, Mormon Lake RD",34.94125,-111.49434,2190,"hillslope",NA,2146244620,"9/7/2016","Chantel Cook, Sue Ordway, Emily Thompson, and Irene Hamilton","Stevens et al. Level 2",7,1533,1,2.9,3
"275",640,"Willow Spring","Kaibab NF, Williams RD",35.13389,-112.02822,1980,"rheocrene","limnocrene",2146244623,"9/8/2016","Lisa Winters, Chantel Cook, Winnie Taney, and Irene Hamilton","Stevens et al. Level 2",7,1537,6,1.7,4.2
"276",1113,"T-Six Spring","Coconino NF, Mormon Lake RD",34.90741,-111.59618,2092,"helocrene","hillslope",2146244648,"9/18/2016","Larry Stevens and Jeri Ledbetter","Stevens/GDE hybrid",9,1542,2,3.1,3.4
"277",909,"Bootlegger Spring","Coconino NF, Mormon Lake RD",34.91195,-111.53812,2257,"hillslope",NA,2146244699,"10/12/2016","Larry Stevens, Jeri Ledbetter, Gloria Hardwick, Joseph Holway, Leanna Begay, and David Sabata","Stevens et al. Level 2",10,1555,4,2.4,3.3
"278",1138,"Schnaeger Springs","Coconino NF, Mogollon Rim RD",34.48509,-111.13091,2214,"hillslope",NA,2146245647,"6/3/2017","Melissa Carrillo-Galaviz, Jeri Ledbetter, and Gloria Hardwick","Stevens et al. Level 2",10,1685,4,1.6,3.8
"279",950,"Delinator Spring","Coconino NF, Mogollon Rim RD",34.47269,-111.32486,2101,"rheocrene",NA,2146245676,"6/21/2017","Jeri Ledbetter, Glenn Rink, Joseph Holway, and Melissa Carrillo-Galaviz","Stevens et al. Level 2",10,1711,6,1.6,5.2
"280",1005,"Kehl Spring","Coconino NF, Mogollon Rim RD",34.43546,-111.31733,2268,"helocrene","rheocrene",2146245682,"6/2/2017","Jeri Ledbetter, Gloria Hardwick, and Melissa Carrillo-Galaviz","Stevens et al. Level 2",10,1712,3,2.1,4
"281",438,"Big Moqui Spring","Coconino NF, Mogollon Rim RD",34.58633,-111.19816,2190,"hillslope",NA,2146245683,"6/2/2017","Jeri Ledbetter, Gloria Hardwick, and Melissa Carrillo-Galaviz","Stevens et al. Level 2",10,1713,2,3.4,3.4
"282",1146,"Mud Spring","Coconino NF, Mogollon Rim RD",34.46563,-111.31361,2283,"rheocrene","helocrene",2146245686,"6/23/2017","Jeri Ledbetter, Glenn Rink, Gloria Hardwick, and Melissa Carrillo-Galaviz","Stevens et al. Level 2",10,1715,3,3.2,4.3
"283",226445,"Stump Glen Spring","Coconino NF, Mogollon Rim RD",34.47242,-111.3275,2185,"rheocrene","helocrene",2146245688,"6/22/2017","Jeri Ledbetter, Glenn Rink, Gloria Hardwick, Joseph Holway and Melissa Carrillo-Galaviz","Stevens et al. Level 2",10,1716,4,2.2,4.3
"284",226443,"Potatito Tank Springs","Coconino NF, Mogollon Rim RD",34.45845,-111.35506,2227,"anthropogenic","limnocrene",2146245680,"6/21/2017","Jeri Ledbetter, Glenn Rink, Joseph Holway, and Melissa Carrillo-Galaviz","Stevens et al. Level 2",10,1717,3,2.2,3.8
"285",226446,"Overhang Spring","Coconino NF, Mogollon Rim RD",34.46616,-111.3401,2199,"helocrene","rheocrene",2146245689,"6/22/2017","Jeri Ledbetter, Glenn Rink, Joseph Holway, and Melissa Carrillo-Galaviz","Stevens et al. Level 2",10,1718,5,2,4.5
"286",226447,"Cienega Draw Springs","Coconino NF, Mogollon Rim RD",34.44928,-111.34695,2222,"rheocrene","anthropogenic",2146245690,"6/25/2017","Jeri Ledbetter, Gloria Hardwick, Glenn Rink, and Melissa Carrillo-Galaviz","Stevens et al. Level 2",10,1719,4,2.2,3.9
"287",433,"Coldwater Spring","Coconino NF, Mogollon Rim RD",34.49169,-111.29905,2161,"rheocrene","hypocrene",2146245691,"6/24/2017","Jeri Ledbetter, Glenn Rink, Gloria Hardwick, and Melissa Carrillo-Galaviz","Stevens et al. Level 1",5,1720,2,2.8,2.5
"288",989,"Homestead Spring","Coconino NF, Mogollon Rim RD",34.47081,-111.28548,2212,"hillslope","rheocrene",2146245693,"6/24/2017","Jeri Ledbetter, Glenn Rink, and Melissa Carrillo-Galaviz","Stevens et al. Level 2",10,1721,5,2,4.6
"289",986,"Half Pint Spring","Coconino NF, Mogollon Rim RD",34.46523,-111.32352,2217,"limnocrene","anthropogenic",2146245692,"6/22/2017","Jeri Ledbetter, Glenn Rink, Joseph Holway and Melissa Carrillo-Galaviz","Stevens et al. Level 2",10,1722,2,2.6,3.7
"290",1018,"Little Dick Spring","Coconino NF, Mogollon Rim RD",34.47728,-111.4363,2115,"hillslope",NA,2146245695,"6/23/2017","Jeri Ledbetter, Gloria Hardwick, Joseph Holway and Melissa Carrillo-Galaviz","Stevens et al. Level 1",9,1723,2,2.3,2.3
"291",1037,"Middle Kehl Spring","Coconino NF, Mogollon Rim RD",34.44715,-111.31676,2300,"rheocrene",NA,2146245696,"6/23/2017","Jeri Ledbetter, Glenn Rink, Gloria Hardwick, and Melissa Carrillo-Galaviz","Stevens et al. Level 2",10,1724,6,1.2,4.9
"292",226449,"Miller Springs","Coconino NF, Mogollon Rim RD",34.47863,-111.29118,2159,"rheocrene",NA,2146245698,"6/24/2017","Jeri Ledbetter, Glenn Rink, Gloria Hardwick, and Melissa Carrillo-Galaviz","Stevens et al. Level 2",10,1725,5,1.9,4.7
"293",226450,"Mashed Potato Spring","Coconino NF, Mogollon Rim RD",34.46203,-111.3523,2207,"helocrene","rheocrene",2146245699,"6/22/2017","Jeri Ledbetter, Glenn Rink, Joseph Holway and Melissa Carrillo-Galaviz","Stevens et al. Level 2",10,1726,4,2.2,4.3
"294",1036,"Middle Kehl Meadow Spring","Coconino NF, Mogollon Rim RD",34.44493,-111.31868,2311,"helocrene","rheocrene",2146245700,"6/23/2017","Jeri Ledbetter, Glenn Rink, Gloria Hardwick, and Melissa Carrillo-Galaviz","Stevens et al. Level 2",10,1727,5,2.3,3.8
"295",416,"Cliffside Springs","Coconino NF, Mogollon Rim RD",34.43658,-111.18538,2307,"hillslope",NA,2146245735,"7/8/2017","Jeri Ledbetter, Larry Stevens, Glenn Rink, and Mellisa Yin","Stevens et al. Level 2",10,1732,6,1.7,4.3
"296",1014,"Leopard Frog Spring","Coconino NF, Mogollon Rim RD",34.45205,-111.15308,2273,"hillslope",NA,2146245736,"7/7/2017","Jeri Ledbetter, Glenn Rink, and Mellisa Yin","Stevens et al. Level 2",10,1733,6,2.1,4.6
"297",923,"Cathy Spring","Coconino NF, Mogollon Rim RD",34.45596,-111.1543,2268,"hillslope",NA,2146245737,"7/7/2017","Jeri Ledbetter, Glenn Rink, and Mellisa Yin","Stevens et al. Level 2",9,1734,5,1.3,4.4
"298",577,"Cut Stump Spring","Coconino NF, Mogollon Rim RD",34.44914,-111.1637,2284,"hillslope",NA,2146245738,"7/7/2017","Jeri Ledbetter, Glenn Rink, and Mellisa Yin","Stevens et al. Level 2",10,1735,4,1.8,4.5
"299",1084,"Secret Spring","Coconino NF, Mogollon Rim RD",34.45224,-111.16048,2273,"hillslope",NA,2146245739,"7/7/2017","Jeri Ledbetter, Glenn Rink, and Mellisa Yin","Stevens et al. Level 2",9,1736,4,1.9,4.2
"300",1070,"Red Squirrel Spring","Coconino NF, Mogollon Rim RD",34.44424,-111.16752,2284,"hillslope",NA,2146245740,"7/7/2017","Jeri Ledbetter, Glenn Rink, and Mellisa Yin","Stevens et al. Level 2",10,1737,4,1.7,4.3
"301",908,"Blue Eye Spring","Coconino NF, Mogollon Rim RD",34.42904,-111.1685,2324,"hillslope","rheocrene",2146245741,"7/6/2017","Jeri Ledbetter, Glenn Rink, and Mellisa Yin","Stevens et al. Level 2",10,1738,6,1.6,4.4
"302",175497,"Elk Spring Middle","Kaibab NF, Williams RD",35.37653,-111.98743,2232,"hillslope","anthropogenic",2146245744,"6/13/2017","Jeri Ledbetter, Larry Stevens, Gloria Hardwick, and Melissa Carrillo-Galaviz","Stevens et al. Level 2",10,1739,4,2.2,4
"303",580,"East Elk Spring","Kaibab NF, Williams RD",35.37604,-111.98617,2239,"helocrene","limnocrene",2146245743,"7/5/2017","Jeri Ledbetter, Glenn Rink, Melissa Carrillo-Galaviz and Mellisa Yin","Stevens et al. Level 2",10,1740,3,2.8,4
"304",886,"Adders Mouth","Coconino NF, Mogollon Rim RD",34.472,-111.18331,2246,"hillslope",NA,2146245758,"7/20/2017","Jeri Ledbetter, Glenn Rink, and Mellisa Yin","Stevens et al. Level 2",10,1741,6,1.8,4.9
"305",226458,"Blowdown Springs","Coconino NF, Mogollon Rim RD",34.45811,-111.18712,2269,"hillslope","rheocrene",2146245761,"7/18/2017","Jeri Ledbetter, Glenn Rink, Melissa Yin, and Bernie Murrieta","Stevens et al. Level 2",10,1743,6,1.7,4.7
"306",893,"Audra Spring","Coconino NF, Mogollon Rim RD",34.45736,-111.18977,2274,"hillslope","rheocrene",2146245760,"7/18/2017","Jeri Ledbetter, Glenn Rink, Mellisa Yin, Bernardo Murrieta and Lea Ibarra","Stevens et al. Level 2",9,1744,6,1.7,4.6
"307",916,"Burn Spring","Coconino NF, Mogollon Rim RD",34.49907,-111.15838,2187,"hillslope",NA,2146245762,"7/19/2017","Jeri Ledbetter, Glenn Rink, and Mellisa Yin","Stevens et al. Level 2",10,1745,4,1.8,4.5
"308",1025,"Middle Leonard Canyon Spring #2","Coconino NF, Mogollon Rim RD",34.399,-111.14624,2403,"anthropogenic","limnocrene",2146245765,"7/17/2017","Jeri Ledbetter, Glenn Rink, Melissa Yin, Bernie Marrieta, and Valeria Canedo","Stevens et al. Level 2",9,1747,4,1.9,3.7
"309",930,"Christianson Spring","Coconino NF, Mogollon Rim RD",34.45837,-111.18785,2264,"cave","anthropogenic",2146245767,"7/17/2017","Jeri Ledbetter, Glenn Rink, Melissa Yin, and Bernie Marrieta","Stevens et al. Level 2",10,1748,6,1.8,4.7
"310",921,"Carla Spring","Coconino NF, Mogollon Rim RD",34.46048,-111.17152,2259,"hillslope",NA,2146245766,"7/19/2017","Jeri Ledbetter, Glenn Rink, Mellisa Yin, and Bernardo Murrieta","Stevens et al. Level 2",10,1749,5,1.6,4.8
"311",938,"Coneflower Spring","Coconino NF, Mogollon Rim RD",34.46073,-111.19296,2336,"hillslope","rheocrene",2146245768,"7/18/2017","Larry Stevens. Gloria Hardwick, Melissa Carrillo Galaviz, Luis Grijalva, and Valeria Canedo","Stevens et al. Level 2",10,1750,6,1,4.6
"312",939,"Cornlily Spring","Coconino NF, Mogollon Rim RD",34.43843,-111.17411,2330,"hillslope","rheocrene",2146245770,"7/21/2017","Jeri Ledbetter, Gloria Hardwick, Melissa Yin, and Joseph Holway","Stevens et al. Level 2",10,1751,4,2,4.7
"313",951,"Derrick Spring","Coconino NF, Mogollon Rim RD",34.48902,-111.16452,2199,"hillslope","cave",2146245772,"7/19/2017","Jeri Ledbetter, Glenn Rink, Mellisa Yin, and Bernardo Murrieta","Stevens et al. Level 2",10,1753,6,1.3,5.2
"314",226459,"Dragonfly Tank Springs","Coconino NF, Mogollon Rim RD",34.46489,-111.19431,2286,"anthropogenic","limnocrene",2146245773,"7/20/2017","Larry Stevens, Jeri Ledbetter, Glenn Rink, Melissa Yin, Gloria Hardwick, Bernie Marrieta, and Joseph Holway","Stevens et al. Level 2",10,1754,3,2.1,4.2
"315",978,"George Spring","Coconino NF, Mogollon Rim RD",34.48148,-111.16695,2221,"hillslope","cave",2146245775,"7/19/2017","Jeri Ledbetter, Glenn Rink, Bernie Murrieta, and Melissa Yin","Stevens et al. Level 2",10,1755,6,1.6,5.1
"316",226460,"Driftfence Spring","Coconino NF, Mogollon Rim RD",34.45502,-111.1777,2279,"helocrene","hillslope",2146245774,"7/19/2017","Larry Stevens, Melissa Carrillo-Galaviz, David Sinclair, and Stasia Begley","Stevens et al. Level 2",10,1756,5,1.7,4.3
"317",427,"Hidden Spring","Coconino NF, Mogollon Rim RD",34.43917,-111.18326,2309,"hillslope","rheocrene",2146245776,"7/20/2017","Larry Stevens, Missa Carrillo-Galaviz, and Bernie Murrieta","Stevens et al. Level 2",10,1757,6,1.1,4.6
"318",19238,"Fleishman False Spring","Coconino NF, Mogollon Rim RD",34.47152,-111.17717,2208,"rheocrene",NA,2146245777,"7/18/2017","Larry Stevens, Melissa Carrillo-Galaviz, David Sinclair, and Stasia Begley","Stevens et al. Level 2",10,1758,6,1.2,4
"319",966,"Fleishman Spring","Coconino NF, Mogollon Rim RD",34.47323,-111.17977,2234,"hillslope","hanging garden",2146245778,"7/19/2017","Larry Stevens. Melissa Carrillo-Galaviz, David Sinclair, and Stasia Floley","Stevens et al. Level 2",10,1759,5,1.7,4.5
"320",1048,"Mushroom Spring","Coconino NF, Mogollon Rim RD",34.45368,-111.15523,2253,"hillslope","anthropogenic",2146245779,"7/20/2017","Glenn Rink, Bernie Marrieta, Jeri Ledbetter, and Melissa Yin","Stevens et al. Level 2",10,1760,4,1.9,4.1
"321",1071,"Retired Spring","Coconino NF, Mogollon Rim RD",34.46303,-111.18951,2336,"hillslope","anthropogenic",2146245781,"7/18/2017","Larry Stevens, Gloria Hardwick, Melissa Carrillo-Galaviz, Luis Grijalvo, and Valeria Canedo","Stevens et al. Level 2",8,1761,6,0.8,4.5
"322",1062,"PoleyQuiva Spring","Coconino NF, Mogollon Rim RD",34.46855,-111.1826,2303,"hillslope",NA,2146245780,"7/20/2017","Jeri Ledbetter, Glenn Rink, and Mellisa Yin","Stevens et al. Level 2",10,1763,5,2.1,4.4
"323",226463,"Oxidado Tank","Coconino NF, Mogollon Rim RD",34.42284,-111.20107,2286,"anthropogenic","helocrene",2146245784,"7/21/2017","Larry Stevens, Glen Rink, Melissa Carrillo-Galaviz, and Bernardo Murrieta","Stevens et al. Level 2",10,1765,1,1.7,3.8
"324",1034,"Megan Spring","Coconino NF, Mogollon Rim RD",34.46157,-111.19167,2336,"hillslope",NA,2146245788,"7/17/2017","Larry Stevens. Gloria Hardwick, Melissa Carrillo Galaviz, Luis Grijalva, and Valeria Ca<U+FFFD>edo","Stevens et al. Level 2",10,1767,6,1,4.4
"325",1076,"Rocky Spring","Coconino NF, Mogollon Rim RD",34.40636,-111.1524,2347,"rheocrene",NA,2146245789,"7/18/2017","Larry Stevens, Abe Springer, A. Wood and V. Canedo","Stevens et al. Level 2",10,1768,6,1.7,4.3
"326",1145,"Maple Spring","Coconino NF, Mogollon Rim RD",34.43988,-111.1723,2334,"hillslope",NA,2146245791,"7/21/2017","Jeri Ledbetter, Gloria Hardwick, Mellisa Yin, and Joseph Holway","Stevens et al. Level 2",10,1770,4,2.3,4.3
"327",1105,"Taylor Spring","Coconino NF, Mogollon Rim RD",34.4635,-111.17946,2270,"hillslope","rheocrene",2146245792,"7/19/2017","Larry Stevens, Melissa Carrillo-Galaviz, David Sinclair","Stevens et al. Level 2",10,1771,6,1.6,4.4
"328",1024,"Kaibab Ledge Spring","Coconino NF, Mogollon Rim RD",34.56861,-111.30184,2088,"limnocrene","anthropogenic",2146245797,"6/25/2017","Jeri Ledbetter, Glenn Rink, Gloria Hardwick, and Melissa Carrillo-Galaviz","Stevens et al. Level 2",10,1772,3,2.4,3.2
"329",1124,"Wee Stead Seep","Coconino NF, Mogollon Rim RD",34.41907,-111.18309,2350,"rheocrene","anthropogenic",2146245798,"7/18/2017","Jeri Ledbetter, Glenn Rink, Melissa Yin, Bernie Murrieta, and Leah Ibarra","Stevens et al. Level 2",10,1773,5,2,4.1
"330",226652,"Spikerush Spring","Coconino NF, Mogollon Rim RD",34.4236,-111.19143,2321,"hillslope",NA,2146245800,"7/8/2017","Jeri Ledbetter, Larry Stevens, Glenn Rink, and Mellisa Yin","Stevens et al. Level 2",10,1774,4,2.8,3.9
"331",1119,"Unreliable Spring","Coconino NF, Mogollon Rim RD",34.49482,-111.17095,2182,"hillslope","rheocrene",2146245801,"7/21/2017","Larry Stevens, Glenn Rink, Melissa Carillo-Galaviz, and Bernardo Murrieta","Stevens et al. Level 2",10,1775,6,1,4.3
"332",982,"Goshawk Spring","Coconino NF, Mogollon Rim RD",34.43227,-111.18868,2302,"hillslope",NA,2146245799,"7/8/2017","Jeri Ledbetter, Glenn Rink, and Mellisa Yin","Stevens et al. Level 2",10,1776,6,1.3,4.6
"333",1116,"Twin Tanks","Coconino NF, Mogollon Rim RD",34.43588,-111.17643,2347,"hillslope",NA,2146245802,"7/21/2017","Jeri Ledbetter, Gloria Hardwick, Mellisa Yin, and Joseph Holway","Stevens et al. Level 2",10,1777,3,2.1,4.5
"334",226839,"Unreliable Lower Seeps","Coconino NF, Mogollon Rim RD",34.49371,-111.17034,2157,"hanging garden",NA,2146245803,"7/20/2017","Larry Stevens, Gloria Hardwick. Joseph Holway, and Melissa Carrillo-Galaviz","Stevens et al. Level 2",9,1778,6,0.3,5.3
"335",392,"Dane Spring","Coconino NF, Mogollon Rim RD",34.4671,-111.14948,2178,"hillslope","anthropogenic",2146245944,"8/7/2017","Jeri Ledbetter, Gloria Hardwick, Bernie Murrieta, and Sam Goddard","Stevens et al. Level 2",10,1781,3,2.2,4.3
"336",18823,"A-13-11 18C CB","Coconino NF, Mogollon Rim RD",34.50947,-111.23044,2186,"limnocrene","anthropogenic",2146245946,"8/6/2017","Jeri Ledbetter, Gloria Hardwick, Bernie Murrieta, and Sam Goddard","Stevens et al. Level 2",9,1782,4,2,4.1
"337",1011,"Lauren Spring","Coconino NF, Mogollon Rim RD",34.49158,-111.27069,2112,"hillslope",NA,2146245951,"8/5/2017","Jeri Ledbetter, Gloria Hardwick, Bernie Murrieta, and Sam Goddard","Stevens et al. Level 2",10,1783,5,2.2,4.5
"338",1033,"Meadow Spring","Coconino NF, Mogollon Rim RD",34.42899,-111.15686,2247,"helocrene","hillslope",2146245945,"8/7/2017","Jeri Ledbetter, Gloria Hardwick, Bernie Murrieta, and Sam Goddard","Stevens et al. Level 2",10,1784,6,2,4.3
"339",18914,"Potamogeton Tank","Coconino NF, Mogollon Rim RD",34.48878,-111.24472,2223,"limnocrene","anthropogenic",2146245943,"8/6/2017","Jeri Ledbetter, Gloria Hardwick, Bernie Murrieta, and Sam Goddard","Stevens et al. Level 2",9,1785,4,2.3,4.2
"340",942,"Crackerbox Spring","Coconino NF, Mogollon Rim RD",34.4996,-111.24458,2176,"hillslope","hanging garden",2146245948,"8/6/2017","Jeri Ledbetter, Gloria Hardwick, Bernie Murrieta, and Sam Goddard","Stevens et al. Level 2",9,1786,4,2,4.6
"341",575,"Roaring Spring","Coconino NF, Mogollon Rim RD",34.48504,-111.27915,2173,"hillslope",NA,2146246045,"8/5/2017","Jeri Ledbetter, Gloria Hardwick, Bernie Murrieta, and Sam Goddard","Stevens et al. Level 2",8,1787,4,2.2,4.6
"342",547,"Dry Spring","Coconino NF, Mogollon Rim RD",34.48697,-111.27265,2126,"hillslope",NA,2146246048,"8/5/2017","Jeri Ledbetter, Gloria Hardwick, Bernie Murrieta, and Sam Goddard","Stevens et al. Level 2",4,1788,6,1.8,2.8
"343",922,"Cassie Spring","Coconino NF, Mogollon Rim RD",34.48296,-111.2891,2121,NA,NA,2146246059,"8/5/2017","Jeri Ledbetter, Gloria Hardwick, Bernie Murrieta, and Sam Goddard","Stevens et al. Level 2",2,1789,5,1.9,2.4
"344",980,"Gooseberry Springs","Coconino NF, Mogollon Rim RD",34.815,-111.40207,2399,"helocrene",NA,2146246241,"8/17/2017","Larry Stevens and R. Driscoll","Stevens et al. Level 2",9,1796,1,3.6,2.4
"345",226841,"Lydia Tank","Coconino NF, Mogollon Rim RD",34.48398,-111.27022,2156,"limnocrene","anthropogenic",2146245949,"8/5/2017","Jeri Ledbetter, Gloria Hardwick, Bernie Murrieta, and Sam Goddard","Stevens et al. Level 2",9,1797,3,2.1,3.6
"346",373,"Castle Spring","Kaibab NF, North Kaibab RD",36.58623,-112.34149,2195,"hillslope","hanging garden",2146246243,"8/28/2017","Joseph Holway and Gloria Hardwick","Stevens et al. Level 2",8,1798,3,2.7,3.9
"347",227013,"Fracas Lake","Kaibab NF, North Kaibab RD",36.63065,-112.23859,2468,"limnocrene","helocrene",2146246244,"8/28/2017","Gloria Hardwick and Joseph Holway","Stevens et al. Level 2",9,1799,5,2.4,3.8
"348",226448,"East Clear Creek Headwaters Spring","Coconino NF, Mogollon Rim RD",34.46698,-111.33751,2173,"rheocrene",NA,2146245694,"6/25/2017","Jeri Ledbetter, Glenn Rink, Gloria Hardwick, and Melissa Carrillo-Galaviz","Stevens et al. Level 2",10,1800,6,2.1,4.4
"349",226651,"Yanthro Spring","Coconino NF, Mogollon Rim RD",34.43338,-111.14775,2300,"hillslope","anthropogenic",2146245796,"7/18/2017","Gloria Hardwick, Melissa Carrillo-Galaviz, Luis Grijalva, Stasia Floley, and David Sinclair","Stevens et al. Level 2",10,1803,1,1.8,2.1
"350",351,"Parissawampitts Spring","Kaibab NF, North Kaibab RD",36.41313,-112.31666,2366,"rheocrene","helocrene",2146246273,"9/24/2017","Larry Stevens and Jeri Ledbetter","Stevens et al. Level 2",9,1819,3,2.2,4.4
"351",345,"Murrays Lake","Kaibab NF, North Kaibab RD",36.63086,-112.1757,2578,"anthropogenic","limnocrene",2146246272,"9/25/2017","Larry Stevens and Jeri Ledbetter","Stevens et al. Level 2",9,1820,1,3.4,2.5
"352",699,"Squaw Spring","Kaibab NF, North Kaibab RD",36.39472,-112.28539,2455,"hillslope",NA,2146246274,"9/24/2017","Larry Stevens and Jeri Ledbetter","Stevens et al. Level 2",10,1821,4,1.9,4.4
"353",438,"Big Moqui Spring","Coconino NF, Mogollon Rim RD",34.58633,-111.19816,2190,"hillslope",NA,2146246306,"9/30/2017","Larry Stevens and Jeri Ledbetter","Stevens et al. Level 2",9,1827,2,3.4,3.4
"354",19006,"Rocky LO Springs","Kaibab NF, Williams RD",35.15306,-111.98233,2052,"hillslope",NA,2146244705,"10/13/2016","Larry Stevens, Gloria Hardwick, Joseph Holway, Leanna Begay, and David Sabata","Stevens et al. Level 2",9,1875,5,1.6,4.2
"355",770,"Spitz Spring Lower","Kaibab NF, Williams RD",35.26033,-111.9751,2136,"helocrene","anthropogenic",2146247700,"6/11/2018","John Moeny, Tierney Schipper, Susan Ossim, Emile Sawyer, and Larry Stevens","Stevens et al. Level 2",10,1877,2,3,3.1
"356",1113,"T-Six Spring","Coconino NF, Mormon Lake RD",34.90741,-111.59618,2092,"helocrene","hillslope",2146247702,"6/12/2018","Larry Stevens, Jeri Ledbetter, Ed Schenk, Tierney Schipper, Alek Mendoza, Emile Sawyer, Tanner Carothers, John Moeny, Susan Ossim, et al.","Stevens et al. Level 2",10,2134,4,2.4,3.9
"357",855,"Griffiths Spring","Coconino NF, Mormon Lake RD",35.11741,-111.70946,2092,"hillslope","anthropogenic",2146248730,"5/29/2019","Larry Stevens and Workshop Participants","Stevens et al. Level 2",10,2151,4,2.4,3.9
"358",729,"Mud Springs","Kaibab NF, Williams RD",35.11495,-112.1868,2115,"helocrene","anthropogenic",2146248911,"7/29/2019","Alek Mendoza, Gloria Hardwick, and Jenna Norris","Stevens et al. Level 2",9,2266,3,2.4,3.9
"359",776,"East Twin Spring","Kaibab NF, Williams RD",35.16906,-112.21548,2155,"helocrene","anthropogenic",2146248912,"7/29/2019","Alek Mendoza, Gloria Hardwick, and Jenna Norris","Stevens et al. Level 2",9,2267,3,2.3,4.1
"360",739,"Big Spring","Kaibab NF, Williams RD",35.15812,-112.08072,2088,"hillslope",NA,2146247704,"6/11/2018","Jeri Ledbetter, Gloria Hardwick, Alek Mendoza, Tanner Carothers, and workshop participants","Stevens et al. Level 2",9,2268,4,2.8,4.2
"361",741,"Buck Spring","Kaibab NF, Williams RD",35.18881,-112.04959,2077,"helocrene",NA,2146251648,"8/2/2019","Jeri Ledbetter, Andrea Hazelton, and Alek Mendoza","Stevens et al. Level 2",8,2269,2,2.4,3.3
"362",588,"Rosilda Spring","Kaibab NF, Williams RD",35.17467,-112.06092,2051,"helocrene","anthropogenic",2146248914,"7/29/2019","Alek Mendoza, Andrea Hazelton, Tierney Schipper, and Jenna Norris","Stevens et al. Level 2",9,2270,1,3.1,2.8
"363",739,"Big Spring","Kaibab NF, Williams RD",35.15812,-112.08072,2088,"hillslope",NA,2146248913,"7/30/2019","Andrea Hazelton, Alek Mendoza, Tierney Schipper, and Jenna Norris","Stevens et al. Level 2",10,2271,4,3,4.3
"364",978,"George Spring","Coconino NF, Mogollon Rim RD",34.48148,-111.16695,2221,"hillslope","cave",2146248895,"6/26/2019","Larry Stevens, Jenna Norris, and Hopi Youth","Stevens et al. Level 2",10,2281,6,1.1,5.2
"365",412,"Whistling Springs","Coconino NF, Mogollon Rim RD",34.44828,-111.19014,2286,"helocrene",NA,2146248885,"6/26/2019","Jeri Ledbetter, Andrea Hazelton, Riley Swanson, Jeanne Stevens, J. Nicholas, and Hopi Youth","Stevens et al. Level 2",10,2303,4,2.1,4.6
"366",425,"Moonshine Spring","Coconino NF, Mogollon Rim RD",34.47765,-111.14077,2206,"helocrene",NA,2146248893,"6/25/2019","Larry Stevens, Jenna Norris, and Hopi Youth","Stevens et al. Level 2",10,2304,4,2.1,3.5
"367",1131,"Willard Spring","Coconino NF, Mormon Lake RD",34.97329,-111.68184,2046,"helocrene","hillslope",2146252729,"9/11/2019","Alek Mendoza and Gloria Hardwick","Stevens et al. Level 2",9,2313,3,2.7,3.7
"368",181912,"North of Willard Springs","Coconino NF, Mormon Lake RD",34.9776,-111.68143,2062,"hillslope","anthropogenic",2146252738,"9/11/2019","Alek Mendoza and Gloria Hardwick","Stevens et al. Level 2",10,2314,5,2.6,4.4
"369",955,"Double Springs (East)","Coconino NF, Mormon Lake RD",34.94106,-111.49433,2206,"hillslope",NA,2146252722,"9/8/2019","Larry Stevens and Jeri Ledbetter","Stevens et al. Level 2",10,2315,4,2.2,4
"370",782,"Sawmill Spring","Kaibab NF, Williams RD",35.28865,-111.95994,2219,"hillslope","anthropogenic",2146252814,"9/25/2019","Larry Stevens and Gloria Hardwick","Stevens et al. Level 2",9,2317,1,3.4,2.8
"371",162,"Clover Spring West","Coconino NF, Mogollon Rim RD",34.50596,-111.36258,2089,"hillslope","anthropogenic",2146252834,"9/18/2019","Larry Stevens and Jeri Ledbetter","Stevens et al. Level 2",9,2324,1,3.2,2.7
"372",1004,"Jones Springs","Coconino NF, Mogollon Rim RD",34.76321,-111.49854,2153,"hillslope","helocrene",2146252799,"9/20/2019","Alek Mendoza and Andrea Hazelton","Stevens et al. Level 2",10,2325,4,1.8,3.8
"373",963,"Fain Spring","Coconino NF, Mormon Lake RD",34.81879,-111.52392,2159,"helocrene",NA,2146252835,"9/19/2019","Alek Mendoza and Andrea Hazelton","Stevens et al. Level 2",9,2328,3,3.6,3.2
"374",546,"Keller Spring","Coconino NF, Mogollon Rim RD",34.48976,-111.27278,2196,"hillslope",NA,2146252837,"9/19/2019","Larry Stevens and Jeri Ledbetter","Stevens et al. Level 2",10,2329,6,1.9,4.5
"375",437,"Coyote Spring","Coconino NF, Mogollon Rim RD",34.44445,-111.15651,2283,"helocrene","hillslope",2146252872,"9/26/2019","Jenna Norris, Alek Mendoza, and Andrea Hazelton","Stevens et al. Level 2",10,2333,5,1.6,4.3
"376",430,"General Springs","Coconino NF, Mogollon Rim RD",34.45948,-111.24992,2192,"helocrene","rheocrene",2146252871,"9/19/2019","Larry Stevens and Jeri Ledbetter","Stevens et al. Level 2",9,2334,5,2,4.3
"377",544,"Monkshood Spring","Coconino NF, Mogollon Rim RD",34.44723,-111.16472,2280,"helocrene",NA,2146252827,"9/26/2019","Andrea Hazelton, Jenna Norris, and Alek Mendoza","Stevens et al. Level 2",10,2336,6,1.4,4.2
"378",1089,"Smith Spring","Coconino NF, Mormon Lake RD",34.9365,-111.48594,2199,"helocrene","hillslope",2146252703,"9/8/2019","Larry Stevens and Jeri Ledbetter","Stevens et al. Level 2",10,2337,5,2,4.5
"379",999,"Immigrant Spring","Coconino NF, Mogollon Rim RD",34.44087,-111.29438,2279,"helocrene",NA,2146252874,"10/13/2019","Larry Stevens and Jeff Averitt","Stevens et al. Level 2",9,2339,6,2,4.5
"380",144,"Pivot Rock Spring","Coconino NF, Mogollon Rim RD",34.49054,-111.3984,2130,"hillslope","cave",2146252841,"9/20/2019","Larry Stevens and Jeri Ledbetter","Stevens et al. Level 2",10,2341,3,1.9,4.3
"381",578,"One Hundred One Spring","Coconino NF, Mogollon Rim RD",34.48732,-111.35115,2136,"hillslope",NA,2146252840,"9/20/2019","Larry Stevens and Jeri Ledbetter","Stevens et al. Level 2",10,2342,6,1.6,5
"382",1052,"Wilson Spring","Coconino NF, Peaks RD",35.33831,-111.72519,2660,"helocrene",NA,2146252864,"10/5/2019","Larry Stevens","Stevens et al. Level 2",10,2354,5,1.6,4.4
"383",768,"Mineral Spring","Kaibab NF, Williams RD",35.25188,-111.9994,2124,"helocrene",NA,2146253831,"8/27/2020","Larry Stevens and Jeri Ledbetter","Stevens et al. Level 2",10,2626,5,3.4,3.1
"384",1005,"Kehl Spring","Coconino NF, Mogollon Rim RD",34.43546,-111.31733,2268,"helocrene","rheocrene",2146253876,"9/14/2020","Larry Stevens and Jeri Ledbetter","Stevens et al. Level 2",9,2644,4,2.9,4.1
"385",1036,"Middle Kehl Meadow Spring","Coconino NF, Mogollon Rim RD",34.44493,-111.31868,2311,"helocrene","rheocrene",2146253879,"9/14/2020","Larry Stevens and Jeri Ledbetter","4FRI Year 2-4",7,2645,3,3.1,3.8
"386",271,"Big Spring","Kaibab NF, North Kaibab RD",36.60225,-112.3489,2150,"hanging garden","anthropogenic",2146260940,"7/19/2021","Larry Stevens, Jeri Ledbetter, and Jaque Ledbetter","Stevens et al. Level 2",9,3136,4,2.4,4.7
"387",373,"Castle Spring","Kaibab NF, North Kaibab RD",36.58623,-112.34149,2195,"hillslope","hanging garden",2146260941,"7/22/2021","Larry Stevens, Jeri Ledbetter, and Jaque Ledbetter","Stevens et al. Level 2",10,3137,4,3.2,3.8
"388",331,"Crystal Spring","Kaibab NF, North Kaibab RD",36.38914,-112.09597,2682,"helocrene",NA,2146260942,"7/18/2021","Larry Stevens, Jeri Ledbetter, Ethan Sandoval, and Don Taylor","Stevens et al. Level 2",8,3139,3,2,3.9
"389",280,"Dog Lake","Kaibab NF, North Kaibab RD",36.42209,-112.08968,2682,"limnocrene",NA,2146260943,"7/18/2021","Larry Stevens, Jeri Ledbetter, Ethan Sandoval, and Don Taylor","Stevens et al. Level 2",9,3140,6,1.9,4.2
"390",20204,"Marble Sinkhole","Kaibab NF, North Kaibab RD",36.3811,-112.0622,2731,"limnocrene","exposure",2146260945,"7/21/2021","Jeri Ledbetter, Jaque Ledbetter, Larry Stevens, and Kaleigh Nuyttens","Stevens et al. Level 2",8,3142,4,1.8,4.6
"391",419,"Poverty Spring","Coconino NF, Mogollon Rim RD",34.48605,-111.3301,2189,"hillslope",NA,-1802687155,"9/11/2009","Jeri Ledbetter, Eric North, Valerie Hallum, Christina Davis, Julaire Scott","Stevens et al. Level 2",9,73,1,2.71429,1.8713
"392",331,"Crystal Spring","Kaibab NF, North Kaibab RD",36.38914,-112.09597,2682,"helocrene",NA,579,"6/27/2000","RJ Johnson, Larry Stevens, Margaret Erhart, and Nathan Zorich","Stevens/NPS 2000",8,120,3,3.25,3.735
"393",368,"Watts Spring","Kaibab NF, North Kaibab RD",36.37939,-112.27579,2442,"hillslope",NA,616,"6/29/2000","RJ Johnson, Larry Stevens, Margaret Erhart, and Nathan Zorich","Stevens/NPS 2000",10,129,2,3.125,2.92167
"394",283,"North Canyon Spring middle","Kaibab NF, North Kaibab RD",36.39754,-112.08419,2534,"hillslope",NA,631,"6/20/2001","Revisit; WQ, Discharge, and invertebrates","Stevens/NPS 2000",7,183,6,1.5,5.11667
"395",367,"Warm Springs","Kaibab NF, North Kaibab RD",36.69452,-112.31196,2109,"cave",NA,615,"7/3/2000","RJ Johnson, Nathan Zorich, and Zeke Lauck","Stevens/NPS 2000",8,300,1,3.375,2.73
"396",551,"Pinchot Springs West","Coconino NF, Mogollon Rim RD",34.50231,-111.19648,2157,"hillslope","cave",1544295759,"7/2/2010","L.E. Stevens, J.D. Ledbetter, G. Rink, W. S. Talashoma, R. Jenkins","Stevens et al. Level 2",10,188,5,1.25,4.64667
"397",548,"Monongye Spring","Coconino NF, Mogollon Rim RD",34.48517,-111.27359,2198,"hillslope",NA,1461783197,"7/4/2010","L.E. Stevens, Glenn Rink, William Talashoma, Beep Jenkins, Frank Romaglio","Stevens et al. Level 2",10,189,3,3,3.08
"398",855,"Griffiths Spring","Coconino NF, Mormon Lake RD",35.11741,-111.70946,2092,"hillslope","anthropogenic",1315503607,"8/21/2011","Larry Stevens","Stevens/NPS 2000",10,232,5,3.42857,3.63125
"399",592,"Long Valley Spring South Lower","Coconino NF, Mogollon Rim RD",34.51579,-111.33353,2151,"rheocrene",NA,598491263,"8/17/2010","Jeri Ledbetter, Glen Rink, Eric James, Robert Jenkins, William S. Talashoma","Stevens et al. Level 2",8,125,3,3.5,3.37667
"400",981,"Gooseberry Springs 1","Coconino NF, Mormon Lake RD",35.04917,-111.44222,2152,"hillslope","helocrene",1363198213,"6/12/2012","Kyle Paffett and Vera Markgraf","Stevens et al. Level 2",4,582,2,2.14286,3.20625
"401",19238,"Fleishman False Spring","Coconino NF, Mogollon Rim RD",34.47152,-111.17717,2208,"rheocrene",NA,-1136416500,"6/26/2013","Kyle Paffett, Spencer Harris, Tom Bean, and Krista Sparks (Veg survey 7/11/2013)","Stevens et al. Level 2",5,863,6,2.57143,3.0625
"402",19243,"Box Elder Real","Kaibab NF, North Kaibab RD",36.54447,-112.49006,1600,"rheocrene","hanging garden",1381332270,"8/29/2013","Glenn Rink, Marguerite Hendrie, Jeri Ledbetter, and Larry Stevens","Stevens et al. Level 2",10,969,6,0.75,4.96875
